log_id,student_id,course_id,activity_type,activity_date,time_spent_minutes,progress_percentage,module_completed,video_watched,notes_taken,resources_downloaded
L0002,S001,C001,video_watch,2024-01-15,37,12,1,True,False,False
L0003,S001,C001,video_watch,2024-01-18,33,41,2,True,False,False
L0004,S001,C001,assignment,2024-01-20,29,71,3,False,True,True
L0005,S001,C001,quiz_attempt,2024-01-21,26,100,4,False,False,True
L0036,S001,C002,video_watch,2024-03-31,12,5,1,True,False,False
L0037,S001,C002,video_watch,2024-03-31,10,5,1,True,False,False
L0006,S001,C003,video_watch,2024-01-18,22,12,1,True,False,False
L0007,S001,C003,video_watch,2024-01-22,18,17,1,True,False,False
L0008,S001,C003,quiz_attempt,2024-01-25,15,22,1,False,False,True
L0038,S001,C004,video_watch,2024-03-31,24,12,1,True,False,False
L0039,S001,C004,assignment,2024-03-31,21,18,1,False,True,True
L0040,S001,C004,video_watch,2024-03-31,17,25,1,True,False,False
L0020,S001,C005,video_watch,2024-01-08,10,12,1,True,False,False
L0021,S001,C005,video_watch,2024-02-03,10,25,1,True,False,False
L0022,S001,C005,assignment,2024-02-17,10,37,2,False,True,True
L0023,S001,C005,quiz_attempt,2024-03-19,10,50,2,False,False,True
L0041,S001,C006,video_watch,2024-03-29,30,12,1,True,False,False
L0042,S001,C006,assignment,2024-03-30,26,18,1,False,True,True
L0043,S001,C006,quiz_attempt,2024-03-31,21,25,1,False,False,True
L0009,S001,C008,video_watch,2024-02-01,50,5,1,True,False,False
L0010,S001,C008,video_watch,2024-02-01,35,5,1,True,False,False
L0019,S001,C010,video_watch,2024-03-17,22,5,1,True,False,False
L0024,S001,C012,video_watch,2024-02-19,12,12,1,True,False,False
L0025,S001,C012,assignment,2024-03-07,10,18,1,False,True,True
L0026,S001,C012,quiz_attempt,2024-03-20,10,25,1,False,False,True
L0014,S001,C013,video_watch,2024-01-16,15,12,1,True,False,False
L0015,S001,C013,video_watch,2024-01-30,14,32,2,True,False,False
L0016,S001,C013,assignment,2024-02-15,12,51,3,False,True,True
L0017,S001,C013,quiz_attempt,2024-03-03,11,71,3,False,False,True
L0001,S001,C014,video_watch,2024-01-10,95,5,1,True,False,False
L0027,S001,C017,video_watch,2024-01-11,38,12,1,True,False,False
L0028,S001,C017,assignment,2024-02-20,33,18,1,False,True,True
L0029,S001,C017,quiz_attempt,2024-03-26,27,25,1,False,False,True
L0012,S001,C019,video_watch,2024-02-12,98,5,1,True,False,False
L0044,S001,C022,video_watch,2024-01-21,28,12,1,True,False,False
L0045,S001,C022,video_watch,2024-02-15,25,34,2,True,False,False
L0046,S001,C022,assignment,2024-03-04,23,55,3,False,True,True
L0047,S001,C022,quiz_attempt,2024-03-29,20,77,4,False,False,True
L0011,S001,C027,video_watch,2024-02-09,43,5,1,True,False,False
L0030,S001,C028,video_watch,2024-03-20,25,12,1,True,False,False
L0031,S001,C028,assignment,2024-03-25,21,18,1,False,True,True
L0032,S001,C028,quiz_attempt,2024-03-30,17,25,1,False,False,True
L0033,S001,C029,video_watch,2024-03-30,31,12,1,True,False,False
L0034,S001,C029,assignment,2024-03-30,26,18,1,False,True,True
L0035,S001,C029,quiz_attempt,2024-03-30,21,25,1,False,False,True
L0013,S001,C030,video_watch,2024-02-17,29,5,1,True,False,False
L0018,S001,C035,video_watch,2024-03-04,98,5,1,True,False,False
L0084,S002,C001,video_watch,2024-02-08,22,12,1,True,False,False
L0085,S002,C001,assignment,2024-02-24,19,18,1,False,True,True
L0086,S002,C001,quiz_attempt,2024-03-08,16,25,1,False,False,True
L0097,S002,C003,video_watch,2024-03-13,29,12,1,True,False,False
L0098,S002,C003,video_watch,2024-03-16,26,23,1,True,False,False
L0099,S002,C003,assignment,2024-03-20,24,35,2,False,True,True
L0100,S002,C003,video_watch,2024-03-24,21,46,2,True,False,False
L0052,S002,C004,video_watch,2024-01-10,49,12,1,True,False,False
L0053,S002,C004,video_watch,2024-01-15,44,41,2,True,False,False
L0054,S002,C004,assignment,2024-01-21,39,71,3,False,True,True
L0055,S002,C004,quiz_attempt,2024-01-24,34,100,4,False,False,True
L0048,S002,C005,video_watch,2024-01-12,19,12,1,True,False,False
L0049,S002,C005,video_watch,2024-01-16,17,27,2,True,False,False
L0050,S002,C005,assignment,2024-01-18,15,43,2,False,True,True
L0051,S002,C005,quiz_attempt,2024-01-22,13,58,3,False,False,True
L0056,S002,C006,video_watch,2024-01-18,21,12,1,True,False,False
L0057,S002,C006,video_watch,2024-01-20,19,25,1,True,False,False
L0058,S002,C006,assignment,2024-01-22,17,37,2,False,True,True
L0059,S002,C006,quiz_attempt,2024-01-25,15,50,2,False,False,True
L0107,S002,C007,video_watch,2024-03-29,34,12,1,True,False,False
L0108,S002,C007,assignment,2024-03-30,29,18,1,False,True,True
L0109,S002,C007,quiz_attempt,2024-03-31,24,25,1,False,False,True
L0094,S002,C011,video_watch,2024-01-14,30,12,1,True,False,False
L0095,S002,C011,assignment,2024-02-14,26,18,1,False,True,True
L0096,S002,C011,quiz_attempt,2024-03-17,21,25,1,False,False,True
L0070,S002,C012,video_watch,2024-01-04,17,12,1,True,False,False
L0071,S002,C012,video_watch,2024-01-18,15,23,1,True,False,False
L0072,S002,C012,assignment,2024-02-11,13,34,2,False,True,True
L0073,S002,C012,quiz_attempt,2024-02-27,12,45,2,False,False,True
L0102,S002,C013,video_watch,2024-02-05,27,12,1,True,False,False
L0103,S002,C013,video_watch,2024-02-20,24,29,2,True,False,False
L0104,S002,C013,assignment,2024-03-12,22,46,2,False,True,True
L0105,S002,C013,quiz_attempt,2024-03-27,19,63,3,False,False,True
L0083,S002,C014,video_watch,2024-03-07,28,5,1,True,False,False
L0062,S002,C018,video_watch,2024-01-07,16,12,1,True,False,False
L0063,S002,C018,assignment,2024-01-24,13,18,1,False,True,True
L0064,S002,C018,quiz_attempt,2024-02-07,11,25,1,False,False,True
L0075,S002,C019,video_watch,2024-01-13,17,12,1,True,False,False
L0076,S002,C019,video_watch,2024-01-29,15,23,1,True,False,False
L0077,S002,C019,assignment,2024-02-10,14,35,2,False,True,True
L0078,S002,C019,quiz_attempt,2024-02-29,12,46,2,False,False,True
L0069,S002,C020,video_watch,2024-02-24,58,5,1,True,False,False
L0065,S002,C021,video_watch,2024-01-25,10,12,1,True,False,False
L0066,S002,C021,video_watch,2024-02-02,10,27,2,True,False,False
L0067,S002,C021,assignment,2024-02-11,10,43,2,False,True,True
L0068,S002,C021,quiz_attempt,2024-02-18,10,58,3,False,False,True
L0087,S002,C022,video_watch,2024-02-21,36,12,1,True,False,False
L0088,S002,C022,assignment,2024-03-04,31,18,1,False,True,True
L0089,S002,C022,quiz_attempt,2024-03-14,26,25,1,False,False,True
L0101,S002,C023,video_watch,2024-03-25,73,5,1,True,False,False
L0090,S002,C026,video_watch,2024-02-04,18,12,1,True,False,False
L0091,S002,C026,video_watch,2024-02-16,17,33,2,True,False,False
L0092,S002,C026,assignment,2024-03-02,15,55,3,False,True,True
L0093,S002,C026,quiz_attempt,2024-03-15,13,76,4,False,False,True
L0106,S002,C029,video_watch,2024-03-27,78,5,1,True,False,False
L0060,S002,C031,video_watch,2024-01-30,14,5,1,True,False,False
L0061,S002,C031,video_watch,2024-01-30,10,5,1,True,False,False
L0074,S002,C033,video_watch,2024-02-28,35,5,1,True,False,False
L0079,S002,C034,video_watch,2024-02-12,24,12,1,True,False,False
L0080,S002,C034,video_watch,2024-02-18,22,33,2,True,False,False
L0081,S002,C034,assignment,2024-02-23,19,55,3,False,True,True
L0082,S002,C034,quiz_attempt,2024-02-29,17,76,4,False,False,True
L0115,S003,C001,video_watch,2024-01-20,29,12,1,True,False,False
L0116,S003,C001,video_watch,2024-01-24,25,14,1,True,False,False
L0117,S003,C001,quiz_attempt,2024-01-28,21,15,1,False,False,True
L0157,S003,C002,video_watch,2024-03-25,32,12,1,True,False,False
L0158,S003,C002,assignment,2024-03-26,27,18,1,False,True,True
L0159,S003,C002,quiz_attempt,2024-03-27,23,25,1,False,False,True
L0130,S003,C003,video_watch,2024-02-16,46,5,1,True,False,False
L0138,S003,C004,video_watch,2024-01-30,22,12,1,True,False,False
L0139,S003,C004,assignment,2024-02-18,19,18,1,False,True,True
L0140,S003,C004,quiz_attempt,2024-03-08,16,25,1,False,False,True
L0131,S003,C005,video_watch,2024-01-09,15,12,1,True,False,False
L0132,S003,C005,video_watch,2024-01-25,14,34,2,True,False,False
L0133,S003,C005,assignment,2024-02-04,12,57,3,False,True,True
L0134,S003,C005,quiz_attempt,2024-02-18,11,79,4,False,False,True
L0135,S003,C006,video_watch,2024-02-19,57,5,1,True,False,False
L0137,S003,C007,video_watch,2024-03-04,59,5,1,True,False,False
L0118,S003,C008,video_watch,2024-01-22,12,12,1,True,False,False
L0119,S003,C008,video_watch,2024-01-26,10,12,1,True,False,False
L0120,S003,C008,quiz_attempt,2024-01-30,10,12,1,False,False,True
L0112,S003,C009,video_watch,2024-01-08,14,12,1,True,False,False
L0113,S003,C009,assignment,2024-01-16,11,18,1,False,True,True
L0114,S003,C009,quiz_attempt,2024-01-23,10,25,1,False,False,True
L0121,S003,C010,video_watch,2024-01-02,10,12,1,True,False,False
L0122,S003,C010,video_watch,2024-01-10,10,24,1,True,False,False
L0123,S003,C010,assignment,2024-01-23,10,37,2,False,True,True
L0124,S003,C010,quiz_attempt,2024-02-02,10,49,2,False,False,True
L0136,S003,C012,video_watch,2024-02-26,95,5,1,True,False,False
L0111,S003,C013,video_watch,2024-01-06,96,5,1,True,False,False
L0125,S003,C014,video_watch,2024-01-23,18,12,1,True,False,False
L0126,S003,C014,video_watch,2024-01-27,16,32,2,True,False,False
L0127,S003,C014,assignment,2024-01-31,14,53,3,False,True,True
L0128,S003,C014,video_watch,2024-02-05,13,73,3,True,False,False
L0110,S003,C016,video_watch,2024-01-04,57,5,1,True,False,False
L0163,S003,C018,video_watch,2024-01-26,23,12,1,True,False,False
L0164,S003,C018,video_watch,2024-02-13,21,34,2,True,False,False
L0165,S003,C018,assignment,2024-03-10,18,57,3,False,True,True
L0166,S003,C018,quiz_attempt,2024-03-30,16,79,4,False,False,True
L0160,S003,C019,video_watch,2024-01-07,13,12,1,True,False,False
L0161,S003,C019,assignment,2024-02-20,11,18,1,False,True,True
L0162,S003,C019,quiz_attempt,2024-03-28,10,25,1,False,False,True
L0141,S003,C023,video_watch,2024-02-09,14,12,1,True,False,False
L0142,S003,C023,video_watch,2024-02-18,12,33,2,True,False,False
L0143,S003,C023,assignment,2024-02-29,11,55,3,False,True,True
L0144,S003,C023,quiz_attempt,2024-03-13,10,76,4,False,False,True
L0145,S003,C028,video_watch,2024-03-01,10,12,1,True,False,False
L0146,S003,C028,assignment,2024-03-07,10,18,1,False,True,True
L0147,S003,C028,quiz_attempt,2024-03-13,10,25,1,False,False,True
L0148,S003,C029,video_watch,2024-03-02,29,12,1,True,False,False
L0149,S003,C029,video_watch,2024-03-07,26,28,2,True,False,False
L0150,S003,C029,assignment,2024-03-11,23,43,2,False,True,True
L0151,S003,C029,video_watch,2024-03-14,20,59,3,True,False,False
L0129,S003,C031,video_watch,2024-02-12,61,5,1,True,False,False
L0153,S003,C033,video_watch,2024-03-10,12,12,1,True,False,False
L0154,S003,C033,video_watch,2024-03-15,11,25,1,True,False,False
L0155,S003,C033,assignment,2024-03-18,10,37,2,False,True,True
L0156,S003,C033,video_watch,2024-03-22,10,50,2,True,False,False
L0152,S003,C034,video_watch,2024-03-19,83,5,1,True,False,False
L0176,S004,C001,video_watch,2024-01-14,16,12,1,True,False,False
L0177,S004,C001,video_watch,2024-01-18,15,41,2,True,False,False
L0178,S004,C001,assignment,2024-01-20,13,71,3,False,True,True
L0179,S004,C001,quiz_attempt,2024-01-24,11,100,4,False,False,True
L0180,S004,C003,video_watch,2024-01-15,31,12,1,True,False,False
L0181,S004,C003,video_watch,2024-01-22,27,17,1,True,False,False
L0182,S004,C003,quiz_attempt,2024-01-27,22,22,1,False,False,True
L0219,S004,C007,video_watch,2024-02-10,31,12,1,True,False,False
L0220,S004,C007,assignment,2024-02-25,26,18,1,False,True,True
L0221,S004,C007,quiz_attempt,2024-03-18,22,25,1,False,False,True
L0226,S004,C008,video_watch,2024-02-09,13,12,1,True,False,False
L0227,S004,C008,video_watch,2024-02-20,12,34,2,True,False,False
L0228,S004,C008,assignment,2024-03-09,11,57,3,False,True,True
L0229,S004,C008,quiz_attempt,2024-03-22,10,79,4,False,False,True
L0209,S004,C009,video_watch,2024-02-10,10,12,1,True,False,False
L0210,S004,C009,assignment,2024-02-28,10,18,1,False,True,True
L0211,S004,C009,quiz_attempt,2024-03-15,10,25,1,False,False,True
L0172,S004,C010,video_watch,2024-01-08,24,12,1,True,False,False
L0173,S004,C010,video_watch,2024-01-12,22,32,2,True,False,False
L0174,S004,C010,assignment,2024-01-17,19,52,3,False,True,True
L0175,S004,C010,video_watch,2024-01-21,17,72,3,True,False,False
L0194,S004,C011,video_watch,2024-01-04,17,12,1,True,False,False
L0195,S004,C011,video_watch,2024-01-19,16,32,2,True,False,False
L0196,S004,C011,assignment,2024-02-11,14,52,3,False,True,True
L0197,S004,C011,quiz_attempt,2024-02-26,12,72,3,False,False,True
L0212,S004,C012,video_watch,2024-03-06,10,12,1,True,False,False
L0213,S004,C012,video_watch,2024-03-08,10,25,1,True,False,False
L0214,S004,C012,assignment,2024-03-14,10,38,2,False,True,True
L0215,S004,C012,video_watch,2024-03-17,10,51,3,True,False,False
L0183,S004,C013,video_watch,2024-01-19,24,12,1,True,False,False
L0184,S004,C013,video_watch,2024-01-23,22,24,1,True,False,False
L0185,S004,C013,assignment,2024-01-27,19,36,2,False,True,True
L0186,S004,C013,video_watch,2024-01-30,17,48,2,True,False,False
L0192,S004,C014,video_watch,2024-02-10,92,5,1,True,False,False
L0191,S004,C017,video_watch,2024-02-09,96,5,1,True,False,False
L0230,S004,C021,video_watch,2024-03-14,29,12,1,True,False,False
L0231,S004,C021,assignment,2024-03-19,24,18,1,False,True,True
L0232,S004,C021,quiz_attempt,2024-03-23,20,25,1,False,False,True
L0216,S004,C022,video_watch,2024-03-07,31,12,1,True,False,False
L0217,S004,C022,assignment,2024-03-12,27,18,1,False,True,True
L0218,S004,C022,quiz_attempt,2024-03-16,22,25,1,False,False,True
L0199,S004,C023,video_watch,2024-02-10,28,12,1,True,False,False
L0200,S004,C023,video_watch,2024-02-17,25,29,2,True,False,False
L0201,S004,C023,assignment,2024-02-23,22,47,2,False,True,True
L0202,S004,C023,quiz_attempt,2024-03-01,19,64,3,False,False,True
L0222,S004,C024,video_watch,2024-03-18,82,5,1,True,False,False
L0187,S004,C025,video_watch,2024-01-28,10,12,1,True,False,False
L0188,S004,C025,video_watch,2024-01-31,10,33,2,True,False,False
L0189,S004,C025,assignment,2024-02-03,10,53,3,False,True,True
L0190,S004,C025,video_watch,2024-02-06,10,74,3,True,False,False
L0198,S004,C026,video_watch,2024-02-29,53,5,1,True,False,False
L0206,S004,C027,video_watch,2024-02-15,22,12,1,True,False,False
L0207,S004,C027,assignment,2024-02-24,19,18,1,False,True,True
L0208,S004,C027,quiz_attempt,2024-03-05,15,25,1,False,False,True
L0168,S004,C030,video_watch,2024-01-10,24,12,1,True,False,False
L0169,S004,C030,video_watch,2024-01-13,21,23,1,True,False,False
L0170,S004,C030,assignment,2024-01-17,19,35,2,False,True,True
L0171,S004,C030,quiz_attempt,2024-01-20,17,46,2,False,False,True
L0203,S004,C031,video_watch,2024-01-09,13,12,1,True,False,False
L0204,S004,C031,assignment,2024-01-31,11,18,1,False,True,True
L0205,S004,C031,quiz_attempt,2024-03-03,10,25,1,False,False,True
L0167,S004,C032,video_watch,2024-01-18,36,5,1,True,False,False
L0223,S004,C033,video_watch,2024-01-11,11,12,1,True,False,False
L0224,S004,C033,assignment,2024-02-14,10,18,1,False,True,True
L0225,S004,C033,quiz_attempt,2024-03-17,10,25,1,False,False,True
L0193,S004,C035,video_watch,2024-02-19,69,5,1,True,False,False
L0243,S005,C004,video_watch,2024-01-22,96,5,1,True,False,False
L0234,S005,C005,video_watch,2024-01-09,21,12,1,True,False,False
L0235,S005,C005,video_watch,2024-01-12,19,41,2,True,False,False
L0236,S005,C005,assignment,2024-01-15,16,71,3,False,True,True
L0237,S005,C005,quiz_attempt,2024-01-18,14,100,4,False,False,True
L0239,S005,C006,video_watch,2024-01-09,19,12,1,True,False,False
L0240,S005,C006,video_watch,2024-01-12,17,41,2,True,False,False
L0241,S005,C006,assignment,2024-01-16,15,71,3,False,True,True
L0242,S005,C006,quiz_attempt,2024-01-20,13,100,4,False,False,True
L0276,S005,C009,video_watch,2024-02-24,29,12,1,True,False,False
L0277,S005,C009,video_watch,2024-03-04,26,23,1,True,False,False
L0278,S005,C009,assignment,2024-03-14,24,34,2,False,True,True
L0279,S005,C009,quiz_attempt,2024-03-24,21,45,2,False,False,True
L0263,S005,C010,video_watch,2024-01-02,34,12,1,True,False,False
L0264,S005,C010,assignment,2024-01-30,29,18,1,False,True,True
L0265,S005,C010,quiz_attempt,2024-02-29,24,25,1,False,False,True
L0248,S005,C012,video_watch,2024-01-12,16,12,1,True,False,False
L0249,S005,C012,video_watch,2024-01-17,14,25,1,True,False,False
L0250,S005,C012,assignment,2024-01-20,13,38,2,False,True,True
L0251,S005,C012,video_watch,2024-01-23,11,51,3,True,False,False
L0273,S005,C014,video_watch,2024-01-31,10,12,1,True,False,False
L0274,S005,C014,assignment,2024-02-18,10,18,1,False,True,True
L0275,S005,C014,quiz_attempt,2024-03-10,10,25,1,False,False,True
L0252,S005,C015,video_watch,2024-01-23,10,12,1,True,False,False
L0253,S005,C015,video_watch,2024-01-28,10,34,2,True,False,False
L0254,S005,C015,assignment,2024-02-01,10,57,3,False,True,True
L0255,S005,C015,video_watch,2024-02-05,10,79,4,True,False,False
L0269,S005,C016,video_watch,2024-02-23,28,12,1,True,False,False
L0270,S005,C016,video_watch,2024-02-27,25,33,2,True,False,False
L0271,S005,C016,assignment,2024-03-04,22,55,3,False,True,True
L0272,S005,C016,quiz_attempt,2024-03-10,20,76,4,False,False,True
L0233,S005,C020,video_watch,2024-01-02,62,5,1,True,False,False
L0238,S005,C021,video_watch,2024-01-19,32,5,1,True,False,False
L0262,S005,C022,video_watch,2024-02-28,34,5,1,True,False,False
L0244,S005,C025,video_watch,2024-01-10,16,12,1,True,False,False
L0245,S005,C025,video_watch,2024-01-14,15,41,2,True,False,False
L0246,S005,C025,assignment,2024-01-18,13,71,3,False,True,True
L0247,S005,C025,quiz_attempt,2024-01-22,11,100,4,False,False,True
L0280,S005,C026,video_watch,2024-03-26,92,5,1,True,False,False
L0266,S005,C028,video_watch,2024-01-17,19,12,1,True,False,False
L0267,S005,C028,assignment,2024-02-09,16,18,1,False,True,True
L0268,S005,C028,quiz_attempt,2024-03-09,14,25,1,False,False,True
L0261,S005,C030,video_watch,2024-02-25,59,5,1,True,False,False
L0256,S005,C031,video_watch,2024-01-27,24,12,1,True,False,False
L0257,S005,C031,video_watch,2024-01-30,22,23,1,True,False,False
L0258,S005,C031,assignment,2024-02-03,20,34,2,False,True,True
L0259,S005,C031,video_watch,2024-02-06,17,45,2,True,False,False
L0260,S005,C034,video_watch,2024-02-06,73,5,1,True,False,False
L0286,S006,C001,video_watch,2024-02-01,12,12,1,True,False,False
L0287,S006,C001,video_watch,2024-02-03,11,26,2,True,False,False
L0288,S006,C001,assignment,2024-02-06,10,40,2,False,True,True
L0289,S006,C001,quiz_attempt,2024-02-08,10,54,3,False,False,True
L0290,S006,C002,video_watch,2024-02-20,56,5,1,True,False,False
L0281,S006,C004,video_watch,2024-02-01,77,5,1,True,False,False
L0283,S006,C008,video_watch,2024-02-02,14,12,1,True,False,False
L0284,S006,C008,video_watch,2024-02-04,12,12,1,True,False,False
L0285,S006,C008,quiz_attempt,2024-02-07,10,12,1,False,False,True
L0322,S006,C009,video_watch,2024-03-16,21,12,1,True,False,False
L0323,S006,C009,video_watch,2024-03-21,19,23,1,True,False,False
L0324,S006,C009,assignment,2024-03-27,17,34,2,False,True,True
L0325,S006,C009,quiz_attempt,2024-03-31,15,45,2,False,False,True
L0315,S006,C011,video_watch,2024-02-28,25,12,1,True,False,False
L0316,S006,C011,video_watch,2024-03-06,23,23,1,True,False,False
L0317,S006,C011,assignment,2024-03-18,20,34,2,False,True,True
L0318,S006,C011,quiz_attempt,2024-03-24,18,45,2,False,False,True
L0295,S006,C013,video_watch,2024-02-01,19,12,1,True,False,False
L0296,S006,C013,assignment,2024-02-10,16,18,1,False,True,True
L0297,S006,C013,quiz_attempt,2024-02-23,13,25,1,False,False,True
L0306,S006,C015,video_watch,2024-03-05,61,5,1,True,False,False
L0319,S006,C016,video_watch,2024-03-25,32,12,1,True,False,False
L0320,S006,C016,assignment,2024-03-28,27,18,1,False,True,True
L0321,S006,C016,quiz_attempt,2024-03-30,23,25,1,False,False,True
L0307,S006,C021,video_watch,2024-03-14,95,5,1,True,False,False
L0291,S006,C024,video_watch,2024-02-09,10,12,1,True,False,False
L0292,S006,C024,video_watch,2024-02-14,10,29,2,True,False,False
L0293,S006,C024,assignment,2024-02-17,10,46,2,False,True,True
L0294,S006,C024,video_watch,2024-02-22,10,63,3,True,False,False
L0326,S006,C025,video_watch,2024-03-23,23,12,1,True,False,False
L0327,S006,C025,video_watch,2024-03-26,21,26,2,True,False,False
L0328,S006,C025,assignment,2024-03-28,19,39,2,False,True,True
L0329,S006,C025,video_watch,2024-03-30,16,53,3,True,False,False
L0282,S006,C026,video_watch,2024-02-01,76,5,1,True,False,False
L0308,S006,C031,video_watch,2024-02-10,17,12,1,True,False,False
L0309,S006,C031,assignment,2024-02-27,14,18,1,False,True,True
L0310,S006,C031,quiz_attempt,2024-03-21,12,25,1,False,False,True
L0311,S006,C032,video_watch,2024-03-12,29,12,1,True,False,False
L0312,S006,C032,video_watch,2024-03-16,26,23,1,True,False,False
L0313,S006,C032,assignment,2024-03-20,24,35,2,False,True,True
L0314,S006,C032,video_watch,2024-03-23,21,46,2,True,False,False
L0298,S006,C033,video_watch,2024-01-17,25,12,1,True,False,False
L0299,S006,C033,video_watch,2024-01-30,22,30,2,True,False,False
L0300,S006,C033,assignment,2024-02-13,20,47,2,False,True,True
L0301,S006,C033,quiz_attempt,2024-02-27,17,65,3,False,False,True
L0302,S006,C035,video_watch,2024-02-19,10,12,1,True,False,False
L0303,S006,C035,video_watch,2024-02-22,10,26,2,True,False,False
L0304,S006,C035,assignment,2024-02-27,10,41,2,False,True,True
L0305,S006,C035,video_watch,2024-03-02,10,55,3,True,False,False
L0362,S007,C001,video_watch,2024-02-22,62,5,1,True,False,False
L0364,S007,C002,video_watch,2024-01-19,12,12,1,True,False,False
L0365,S007,C002,video_watch,2024-01-29,11,27,2,True,False,False
L0366,S007,C002,assignment,2024-02-15,10,41,2,False,True,True
L0367,S007,C002,quiz_attempt,2024-02-28,10,56,3,False,False,True
L0372,S007,C003,video_watch,2024-02-20,30,12,1,True,False,False
L0373,S007,C003,assignment,2024-03-07,26,18,1,False,True,True
L0374,S007,C003,quiz_attempt,2024-03-19,21,25,1,False,False,True
L0334,S007,C005,video_watch,2024-01-05,22,12,1,True,False,False
L0335,S007,C005,video_watch,2024-01-08,20,41,2,True,False,False
L0336,S007,C005,assignment,2024-01-11,18,71,3,False,True,True
L0337,S007,C005,quiz_attempt,2024-01-14,15,100,4,False,False,True
L0338,S007,C006,video_watch,2024-01-06,35,12,1,True,False,False
L0339,S007,C006,video_watch,2024-01-10,32,41,2,True,False,False
L0340,S007,C006,assignment,2024-01-12,28,71,3,False,True,True
L0341,S007,C006,quiz_attempt,2024-01-15,25,100,4,False,False,True
L0350,S007,C007,video_watch,2024-01-22,53,5,1,True,False,False
L0351,S007,C007,video_watch,2024-01-22,37,5,1,True,False,False
L0331,S007,C009,video_watch,2024-01-04,26,12,1,True,False,False
L0332,S007,C009,assignment,2024-01-06,22,18,1,False,True,True
L0333,S007,C009,quiz_attempt,2024-01-07,18,25,1,False,False,True
L0379,S007,C010,video_watch,2024-02-29,19,12,1,True,False,False
L0380,S007,C010,video_watch,2024-03-07,17,26,2,True,False,False
L0381,S007,C010,assignment,2024-03-15,15,41,2,False,True,True
L0382,S007,C010,quiz_attempt,2024-03-23,13,55,3,False,False,True
L0353,S007,C011,video_watch,2024-02-16,33,5,1,True,False,False
L0342,S007,C013,video_watch,2024-01-05,10,12,1,True,False,False
L0343,S007,C013,video_watch,2024-01-09,10,25,1,True,False,False
L0344,S007,C013,assignment,2024-01-12,10,37,2,False,True,True
L0345,S007,C013,video_watch,2024-01-16,10,50,2,True,False,False
L0386,S007,C014,video_watch,2024-03-28,37,12,1,True,False,False
L0387,S007,C014,assignment,2024-03-28,31,18,1,False,True,True
L0388,S007,C014,quiz_attempt,2024-03-28,26,25,1,False,False,True
L0389,S007,C018,video_watch,2024-03-18,10,12,1,True,False,False
L0390,S007,C018,video_watch,2024-03-22,10,27,2,True,False,False
L0391,S007,C018,assignment,2024-03-24,10,43,2,False,True,True
L0392,S007,C018,quiz_attempt,2024-03-29,10,58,3,False,False,True
L0375,S007,C021,video_watch,2024-03-20,56,5,1,True,False,False
L0352,S007,C022,video_watch,2024-01-29,66,5,1,True,False,False
L0330,S007,C023,video_watch,2024-01-05,24,5,1,True,False,False
L0383,S007,C024,video_watch,2024-03-25,19,12,1,True,False,False
L0384,S007,C024,assignment,2024-03-26,16,18,1,False,True,True
L0385,S007,C024,quiz_attempt,2024-03-27,13,25,1,False,False,True
L0346,S007,C025,video_watch,2024-01-08,18,12,1,True,False,False
L0347,S007,C025,video_watch,2024-01-11,16,41,2,True,False,False
L0348,S007,C025,assignment,2024-01-15,14,71,3,False,True,True
L0349,S007,C025,quiz_attempt,2024-01-17,12,100,4,False,False,True
L0393,S007,C026,video_watch,2024-03-30,51,5,1,True,False,False
L0358,S007,C027,video_watch,2024-01-28,24,12,1,True,False,False
L0359,S007,C027,video_watch,2024-02-05,22,25,1,True,False,False
L0360,S007,C027,assignment,2024-02-12,19,37,2,False,True,True
L0361,S007,C027,quiz_attempt,2024-02-20,17,50,2,False,False,True
L0368,S007,C028,video_watch,2024-01-20,18,12,1,True,False,False
L0369,S007,C028,video_watch,2024-02-02,16,23,1,True,False,False
L0370,S007,C028,assignment,2024-02-19,14,34,2,False,True,True
L0371,S007,C028,quiz_attempt,2024-03-06,12,45,2,False,False,True
L0363,S007,C029,video_watch,2024-02-24,99,5,1,True,False,False
L0354,S007,C030,video_watch,2024-02-05,21,12,1,True,False,False
L0355,S007,C030,video_watch,2024-02-08,19,34,2,True,False,False
L0356,S007,C030,assignment,2024-02-13,17,57,3,False,True,True
L0357,S007,C030,video_watch,2024-02-17,15,79,4,True,False,False
L0376,S007,C032,video_watch,2024-03-13,34,12,1,True,False,False
L0377,S007,C032,assignment,2024-03-16,29,18,1,False,True,True
L0378,S007,C032,quiz_attempt,2024-03-20,24,25,1,False,False,True
L0433,S008,C002,video_watch,2024-01-02,18,12,1,True,False,False
L0434,S008,C002,video_watch,2024-01-23,16,30,2,True,False,False
L0435,S008,C002,assignment,2024-02-22,15,48,2,False,True,True
L0436,S008,C002,quiz_attempt,2024-03-12,13,66,3,False,False,True
L0414,S008,C003,video_watch,2024-01-14,28,12,1,True,False,False
L0415,S008,C003,assignment,2024-01-22,24,18,1,False,True,True
L0416,S008,C003,quiz_attempt,2024-02-03,19,25,1,False,False,True
L0440,S008,C005,video_watch,2024-02-10,27,12,1,True,False,False
L0441,S008,C005,video_watch,2024-02-28,25,28,2,True,False,False
L0442,S008,C005,assignment,2024-03-14,22,44,2,False,True,True
L0443,S008,C005,quiz_attempt,2024-03-27,19,60,3,False,False,True
L0407,S008,C006,video_watch,2024-01-21,11,12,1,True,False,False
L0408,S008,C006,video_watch,2024-01-25,10,23,1,True,False,False
L0409,S008,C006,assignment,2024-01-28,10,34,2,False,True,True
L0410,S008,C006,video_watch,2024-01-31,10,45,2,True,False,False
L0411,S008,C008,video_watch,2024-01-25,18,12,1,True,False,False
L0412,S008,C008,video_watch,2024-01-29,15,15,1,True,False,False
L0413,S008,C008,quiz_attempt,2024-02-01,12,18,1,False,False,True
L0417,S008,C009,video_watch,2024-01-26,15,12,1,True,False,False
L0418,S008,C009,video_watch,2024-01-29,13,29,2,True,False,False
L0419,S008,C009,assignment,2024-01-31,12,47,2,False,True,True
L0420,S008,C009,quiz_attempt,2024-02-03,10,64,3,False,False,True
L0404,S008,C010,video_watch,2024-01-27,24,12,1,True,False,False
L0405,S008,C010,video_watch,2024-01-27,16,15,1,True,False,False
L0432,S008,C011,video_watch,2024-03-11,55,5,1,True,False,False
L0445,S008,C014,video_watch,2024-03-21,26,12,1,True,False,False
L0446,S008,C014,video_watch,2024-03-25,23,23,1,True,False,False
L0447,S008,C014,assignment,2024-03-28,21,34,2,False,True,True
L0448,S008,C014,video_watch,2024-03-31,18,45,2,True,False,False
L0428,S008,C016,video_watch,2024-03-04,27,5,1,True,False,False
L0396,S008,C021,video_watch,2024-01-06,20,12,1,True,False,False
L0397,S008,C021,video_watch,2024-01-11,18,26,2,True,False,False
L0398,S008,C021,assignment,2024-01-14,16,41,2,False,True,True
L0399,S008,C021,video_watch,2024-01-18,14,55,3,True,False,False
L0406,S008,C022,video_watch,2024-01-27,43,5,1,True,False,False
L0395,S008,C023,video_watch,2024-01-16,28,5,1,True,False,False
L0437,S008,C027,video_watch,2024-02-24,30,12,1,True,False,False
L0438,S008,C027,assignment,2024-03-05,26,18,1,False,True,True
L0439,S008,C027,quiz_attempt,2024-03-17,21,25,1,False,False,True
L0429,S008,C029,video_watch,2024-02-13,33,12,1,True,False,False
L0430,S008,C029,assignment,2024-02-25,28,18,1,False,True,True
L0431,S008,C029,quiz_attempt,2024-03-10,23,25,1,False,False,True
L0421,S008,C030,video_watch,2024-01-14,18,12,1,True,False,False
L0422,S008,C030,assignment,2024-01-28,15,18,1,False,True,True
L0423,S008,C030,quiz_attempt,2024-02-13,12,25,1,False,False,True
L0444,S008,C031,video_watch,2024-03-29,28,5,1,True,False,False
L0394,S008,C032,video_watch,2024-01-07,68,5,1,True,False,False
L0424,S008,C033,video_watch,2024-02-12,21,12,1,True,False,False
L0425,S008,C033,video_watch,2024-02-16,19,31,2,True,False,False
L0426,S008,C033,assignment,2024-02-22,17,49,2,False,True,True
L0427,S008,C033,quiz_attempt,2024-02-27,14,68,3,False,False,True
L0400,S008,C035,video_watch,2024-01-12,22,12,1,True,False,False
L0401,S008,C035,video_watch,2024-01-15,20,24,1,True,False,False
L0402,S008,C035,assignment,2024-01-20,18,35,2,False,True,True
L0403,S008,C035,video_watch,2024-01-23,16,47,2,True,False,False
L0467,S009,C004,video_watch,2024-01-12,12,12,1,True,False,False
L0468,S009,C004,assignment,2024-01-26,10,18,1,False,True,True
L0469,S009,C004,quiz_attempt,2024-02-12,10,25,1,False,False,True
L0471,S009,C005,video_watch,2024-01-27,16,12,1,True,False,False
L0472,S009,C005,video_watch,2024-02-01,15,25,1,True,False,False
L0473,S009,C005,assignment,2024-02-11,13,39,2,False,True,True
L0474,S009,C005,quiz_attempt,2024-02-17,11,52,3,False,False,True
L0500,S009,C006,video_watch,2024-02-27,25,12,1,True,False,False
L0501,S009,C006,assignment,2024-03-11,21,18,1,False,True,True
L0502,S009,C006,quiz_attempt,2024-03-28,18,25,1,False,False,True
L0450,S009,C008,video_watch,2024-01-18,16,12,1,True,False,False
L0451,S009,C008,video_watch,2024-01-22,15,41,2,True,False,False
L0452,S009,C008,assignment,2024-01-25,13,71,3,False,True,True
L0453,S009,C008,quiz_attempt,2024-01-28,11,100,4,False,False,True
L0466,S009,C009,video_watch,2024-02-11,48,5,1,True,False,False
L0449,S009,C010,video_watch,2024-01-15,86,5,1,True,False,False
L0495,S009,C012,video_watch,2024-03-22,86,5,1,True,False,False
L0475,S009,C013,video_watch,2024-02-04,12,12,1,True,False,False
L0476,S009,C013,video_watch,2024-02-09,11,23,1,True,False,False
L0477,S009,C013,assignment,2024-02-14,10,34,2,False,True,True
L0478,S009,C013,quiz_attempt,2024-02-18,10,45,2,False,False,True
L0454,S009,C014,video_watch,2024-01-19,13,12,1,True,False,False
L0455,S009,C014,video_watch,2024-01-23,12,41,2,True,False,False
L0456,S009,C014,assignment,2024-01-27,11,71,3,False,True,True
L0457,S009,C014,quiz_attempt,2024-01-30,10,100,4,False,False,True
L0503,S009,C015,video_watch,2024-03-18,15,12,1,True,False,False
L0504,S009,C015,assignment,2024-03-24,13,18,1,False,True,True
L0505,S009,C015,quiz_attempt,2024-03-30,11,25,1,False,False,True
L0470,S009,C016,video_watch,2024-02-14,57,5,1,True,False,False
L0492,S009,C018,video_watch,2024-02-27,25,12,1,True,False,False
L0493,S009,C018,assignment,2024-02-29,21,18,1,False,True,True
L0494,S009,C018,quiz_attempt,2024-03-02,17,25,1,False,False,True
L0496,S009,C025,video_watch,2024-02-02,21,12,1,True,False,False
L0497,S009,C025,video_watch,2024-02-17,19,25,1,True,False,False
L0498,S009,C025,assignment,2024-03-08,17,38,2,False,True,True
L0499,S009,C025,quiz_attempt,2024-03-21,15,51,3,False,False,True
L0479,S009,C026,video_watch,2024-02-20,71,5,1,True,False,False
L0480,S009,C029,video_watch,2024-01-11,24,12,1,True,False,False
L0481,S009,C029,video_watch,2024-01-23,21,24,1,True,False,False
L0482,S009,C029,assignment,2024-02-12,19,35,2,False,True,True
L0483,S009,C029,quiz_attempt,2024-02-24,17,47,2,False,False,True
L0458,S009,C031,video_watch,2024-01-20,18,12,1,True,False,False
L0459,S009,C031,video_watch,2024-01-24,16,23,1,True,False,False
L0460,S009,C031,assignment,2024-01-28,14,34,2,False,True,True
L0461,S009,C031,quiz_attempt,2024-01-31,12,45,2,False,False,True
L0488,S009,C033,video_watch,2024-01-02,11,12,1,True,False,False
L0489,S009,C033,video_watch,2024-01-22,10,25,1,True,False,False
L0490,S009,C033,assignment,2024-02-06,10,38,2,False,True,True
L0491,S009,C033,quiz_attempt,2024-02-25,10,51,3,False,False,True
L0484,S009,C034,video_watch,2024-02-14,10,12,1,True,False,False
L0485,S009,C034,video_watch,2024-02-17,10,23,1,True,False,False
L0486,S009,C034,assignment,2024-02-20,10,34,2,False,True,True
L0487,S009,C034,video_watch,2024-02-24,10,45,2,True,False,False
L0462,S009,C035,video_watch,2024-01-23,15,12,1,True,False,False
L0463,S009,C035,video_watch,2024-01-26,13,34,2,True,False,False
L0464,S009,C035,assignment,2024-02-01,12,55,3,False,True,True
L0465,S009,C035,video_watch,2024-02-05,10,77,4,True,False,False
L0506,S010,C001,video_watch,2024-01-04,16,12,1,True,False,False
L0507,S010,C001,video_watch,2024-01-08,15,23,1,True,False,False
L0508,S010,C001,assignment,2024-01-10,13,34,2,False,True,True
L0509,S010,C001,video_watch,2024-01-13,11,45,2,True,False,False
L0535,S010,C004,video_watch,2024-03-12,50,5,1,True,False,False
L0540,S010,C005,video_watch,2024-03-18,10,12,1,True,False,False
L0541,S010,C005,assignment,2024-03-21,10,18,1,False,True,True
L0542,S010,C005,quiz_attempt,2024-03-23,10,25,1,False,False,True
L0547,S010,C009,video_watch,2024-03-24,27,12,1,True,False,False
L0548,S010,C009,assignment,2024-03-25,23,18,1,False,True,True
L0549,S010,C009,quiz_attempt,2024-03-25,19,25,1,False,False,True
L0532,S010,C010,video_watch,2024-03-01,50,5,1,True,False,False
L0539,S010,C011,video_watch,2024-03-20,66,5,1,True,False,False
L0536,S010,C013,video_watch,2024-02-27,36,12,1,True,False,False
L0537,S010,C013,assignment,2024-03-07,31,18,1,False,True,True
L0538,S010,C013,quiz_attempt,2024-03-15,25,25,1,False,False,True
L0514,S010,C015,video_watch,2024-01-13,10,12,1,True,False,False
L0515,S010,C015,video_watch,2024-01-16,10,41,2,True,False,False
L0516,S010,C015,assignment,2024-01-20,10,71,3,False,True,True
L0517,S010,C015,quiz_attempt,2024-01-23,10,100,4,False,False,True
L0533,S010,C016,video_watch,2024-03-06,81,5,1,True,False,False
L0522,S010,C018,video_watch,2024-01-04,26,12,1,True,False,False
L0523,S010,C018,video_watch,2024-01-13,23,23,1,True,False,False
L0524,S010,C018,assignment,2024-01-21,21,34,2,False,True,True
L0525,S010,C018,quiz_attempt,2024-01-28,18,45,2,False,False,True
L0550,S010,C021,video_watch,2024-01-02,34,12,1,True,False,False
L0551,S010,C021,assignment,2024-02-17,29,18,1,False,True,True
L0552,S010,C021,quiz_attempt,2024-03-30,24,25,1,False,False,True
L0534,S010,C022,video_watch,2024-03-11,23,5,1,True,False,False
L0518,S010,C024,video_watch,2024-01-15,15,12,1,True,False,False
L0519,S010,C024,video_watch,2024-01-18,13,24,1,True,False,False
L0520,S010,C024,assignment,2024-01-22,12,37,2,False,True,True
L0521,S010,C024,quiz_attempt,2024-01-26,10,49,2,False,False,True
L0510,S010,C027,video_watch,2024-01-12,12,12,1,True,False,False
L0511,S010,C027,video_watch,2024-01-15,11,41,2,True,False,False
L0512,S010,C027,assignment,2024-01-19,10,71,3,False,True,True
L0513,S010,C027,quiz_attempt,2024-01-22,10,100,4,False,False,True
L0543,S010,C028,video_watch,2024-03-14,21,12,1,True,False,False
L0544,S010,C028,video_watch,2024-03-17,19,23,1,True,False,False
L0545,S010,C028,assignment,2024-03-20,17,35,2,False,True,True
L0546,S010,C028,video_watch,2024-03-24,15,46,2,True,False,False
L0529,S010,C029,video_watch,2024-01-12,32,12,1,True,False,False
L0530,S010,C029,assignment,2024-01-26,27,18,1,False,True,True
L0531,S010,C029,quiz_attempt,2024-02-16,22,25,1,False,False,True
L0526,S010,C031,video_watch,2024-01-27,29,12,1,True,False,False
L0527,S010,C031,assignment,2024-02-02,25,18,1,False,True,True
L0528,S010,C031,quiz_attempt,2024-02-09,20,25,1,False,False,True
L0560,S011,C001,video_watch,2024-02-05,16,12,1,True,False,False
L0561,S011,C001,video_watch,2024-02-08,15,29,2,True,False,False
L0562,S011,C001,assignment,2024-02-10,13,46,2,False,True,True
L0563,S011,C001,quiz_attempt,2024-02-12,11,63,3,False,False,True
L0579,S011,C004,video_watch,2024-02-19,10,12,1,True,False,False
L0580,S011,C004,video_watch,2024-02-25,10,27,2,True,False,False
L0581,S011,C004,assignment,2024-03-04,10,43,2,False,True,True
L0582,S011,C004,quiz_attempt,2024-03-10,10,58,3,False,False,True
L0553,S011,C006,video_watch,2024-01-03,26,12,1,True,False,False
L0554,S011,C006,video_watch,2024-01-05,24,30,2,True,False,False
L0555,S011,C006,assignment,2024-01-07,21,49,2,False,True,True
L0556,S011,C006,video_watch,2024-01-10,19,67,3,True,False,False
L0599,S011,C008,video_watch,2024-03-11,10,12,1,True,False,False
L0600,S011,C008,video_watch,2024-03-16,10,34,2,True,False,False
L0601,S011,C008,assignment,2024-03-19,10,57,3,False,True,True
L0602,S011,C008,video_watch,2024-03-25,10,79,4,True,False,False
L0568,S011,C011,video_watch,2024-01-11,33,12,1,True,False,False
L0569,S011,C011,assignment,2024-02-04,28,18,1,False,True,True
L0570,S011,C011,quiz_attempt,2024-03-01,23,25,1,False,False,True
L0564,S011,C012,video_watch,2024-01-29,10,12,1,True,False,False
L0565,S011,C012,video_watch,2024-02-05,10,32,2,True,False,False
L0566,S011,C012,assignment,2024-02-11,10,53,3,False,True,True
L0567,S011,C012,quiz_attempt,2024-02-19,10,73,3,False,False,True
L0558,S011,C013,video_watch,2024-02-09,43,5,1,True,False,False
L0584,S011,C016,video_watch,2024-01-24,15,12,1,True,False,False
L0585,S011,C016,assignment,2024-02-17,13,18,1,False,True,True
L0586,S011,C016,quiz_attempt,2024-03-12,11,25,1,False,False,True
L0557,S011,C018,video_watch,2024-01-19,97,5,1,True,False,False
L0583,S011,C019,video_watch,2024-03-11,44,5,1,True,False,False
L0613,S011,C020,video_watch,2024-03-31,34,5,1,True,False,False
L0610,S011,C022,video_watch,2024-02-10,14,12,1,True,False,False
L0611,S011,C022,assignment,2024-03-02,12,18,1,False,True,True
L0612,S011,C022,quiz_attempt,2024-03-30,10,25,1,False,False,True
L0575,S011,C023,video_watch,2024-01-05,10,12,1,True,False,False
L0576,S011,C023,video_watch,2024-01-25,10,26,2,True,False,False
L0577,S011,C023,assignment,2024-02-16,10,41,2,False,True,True
L0578,S011,C023,quiz_attempt,2024-02-29,10,55,3,False,False,True
L0590,S011,C024,video_watch,2024-01-31,34,12,1,True,False,False
L0591,S011,C024,assignment,2024-02-21,29,18,1,False,True,True
L0592,S011,C024,quiz_attempt,2024-03-14,24,25,1,False,False,True
L0587,S011,C027,video_watch,2024-02-07,36,12,1,True,False,False
L0588,S011,C027,assignment,2024-02-25,30,18,1,False,True,True
L0589,S011,C027,quiz_attempt,2024-03-13,25,25,1,False,False,True
L0603,S011,C028,video_watch,2024-01-14,21,12,1,True,False,False
L0604,S011,C028,video_watch,2024-01-31,19,32,2,True,False,False
L0605,S011,C028,assignment,2024-03-06,17,51,3,False,True,True
L0606,S011,C028,quiz_attempt,2024-03-26,15,71,3,False,False,True
L0607,S011,C029,video_watch,2024-02-28,34,12,1,True,False,False
L0608,S011,C029,assignment,2024-03-14,28,18,1,False,True,True
L0609,S011,C029,quiz_attempt,2024-03-25,23,25,1,False,False,True
L0596,S011,C030,video_watch,2024-02-19,27,12,1,True,False,False
L0597,S011,C030,assignment,2024-03-05,23,18,1,False,True,True
L0598,S011,C030,quiz_attempt,2024-03-24,19,25,1,False,False,True
L0571,S011,C031,video_watch,2024-01-20,13,12,1,True,False,False
L0572,S011,C031,video_watch,2024-02-04,12,34,2,True,False,False
L0573,S011,C031,assignment,2024-02-18,10,57,3,False,True,True
L0574,S011,C031,quiz_attempt,2024-03-03,10,79,4,False,False,True
L0593,S011,C032,video_watch,2024-02-26,16,12,1,True,False,False
L0594,S011,C032,assignment,2024-03-06,14,18,1,False,True,True
L0595,S011,C032,quiz_attempt,2024-03-16,11,25,1,False,False,True
L0559,S011,C033,video_watch,2024-02-09,34,5,1,True,False,False
L0617,S012,C001,video_watch,2024-01-17,29,12,1,True,False,False
L0618,S012,C001,video_watch,2024-01-19,26,23,1,True,False,False
L0619,S012,C001,assignment,2024-01-23,23,34,2,False,True,True
L0620,S012,C001,quiz_attempt,2024-01-26,21,45,2,False,False,True
L0666,S012,C002,video_watch,2024-02-12,21,12,1,True,False,False
L0667,S012,C002,assignment,2024-03-06,18,18,1,False,True,True
L0668,S012,C002,quiz_attempt,2024-03-26,15,25,1,False,False,True
L0621,S012,C004,video_watch,2024-01-15,18,12,1,True,False,False
L0622,S012,C004,video_watch,2024-01-18,16,41,2,True,False,False
L0623,S012,C004,assignment,2024-01-23,14,71,3,False,True,True
L0624,S012,C004,quiz_attempt,2024-01-26,12,100,4,False,False,True
L0663,S012,C006,video_watch,2024-01-12,10,12,1,True,False,False
L0664,S012,C006,assignment,2024-02-20,10,18,1,False,True,True
L0665,S012,C006,quiz_attempt,2024-03-22,10,25,1,False,False,True
L0643,S012,C007,video_watch,2024-01-27,17,12,1,True,False,False
L0644,S012,C007,video_watch,2024-02-06,16,31,2,True,False,False
L0645,S012,C007,assignment,2024-02-19,14,51,3,False,True,True
L0646,S012,C007,quiz_attempt,2024-02-27,12,70,3,False,False,True
L0669,S012,C008,video_watch,2024-03-19,31,12,1,True,False,False
L0670,S012,C008,assignment,2024-03-22,27,18,1,False,True,True
L0671,S012,C008,quiz_attempt,2024-03-26,22,25,1,False,False,True
L0636,S012,C009,video_watch,2024-01-29,10,12,1,True,False,False
L0637,S012,C009,assignment,2024-02-04,10,18,1,False,True,True
L0638,S012,C009,quiz_attempt,2024-02-11,10,25,1,False,False,True
L0658,S012,C010,video_watch,2024-03-06,21,12,1,True,False,False
L0659,S012,C010,video_watch,2024-03-10,19,30,2,True,False,False
L0660,S012,C010,assignment,2024-03-15,17,47,2,False,True,True
L0661,S012,C010,video_watch,2024-03-19,15,65,3,True,False,False
L0647,S012,C011,video_watch,2024-03-02,100,5,1,True,False,False
L0648,S012,C012,video_watch,2024-01-28,13,12,1,True,False,False
L0649,S012,C012,video_watch,2024-02-11,12,28,2,True,False,False
L0650,S012,C012,assignment,2024-02-26,11,45,2,False,True,True
L0651,S012,C012,quiz_attempt,2024-03-08,10,61,3,False,False,True
L0626,S012,C013,video_watch,2024-01-17,19,12,1,True,False,False
L0627,S012,C013,video_watch,2024-01-20,17,23,1,True,False,False
L0628,S012,C013,assignment,2024-01-25,15,34,2,False,True,True
L0629,S012,C013,quiz_attempt,2024-01-29,13,45,2,False,False,True
L0655,S012,C018,video_watch,2024-03-10,32,12,1,True,False,False
L0656,S012,C018,assignment,2024-03-12,27,18,1,False,True,True
L0657,S012,C018,quiz_attempt,2024-03-15,23,25,1,False,False,True
L0672,S012,C020,video_watch,2024-03-17,34,12,1,True,False,False
L0673,S012,C020,assignment,2024-03-21,29,18,1,False,True,True
L0674,S012,C020,quiz_attempt,2024-03-26,24,25,1,False,False,True
L0639,S012,C023,video_watch,2024-01-30,25,12,1,True,False,False
L0640,S012,C023,video_watch,2024-02-02,22,26,2,True,False,False
L0641,S012,C023,assignment,2024-02-07,20,41,2,False,True,True
L0642,S012,C023,video_watch,2024-02-10,17,55,3,True,False,False
L0634,S012,C024,video_watch,2024-02-02,50,5,1,True,False,False
L0635,S012,C024,video_watch,2024-02-02,35,5,1,True,False,False
L0652,S012,C026,video_watch,2024-03-03,21,12,1,True,False,False
L0653,S012,C026,assignment,2024-03-08,18,18,1,False,True,True
L0654,S012,C026,quiz_attempt,2024-03-12,15,25,1,False,False,True
L0625,S012,C027,video_watch,2024-01-28,43,5,1,True,False,False
L0630,S012,C031,video_watch,2024-01-16,16,12,1,True,False,False
L0631,S012,C031,video_watch,2024-01-20,15,25,1,True,False,False
L0632,S012,C031,assignment,2024-01-26,13,37,2,False,True,True
L0633,S012,C031,quiz_attempt,2024-01-31,11,50,2,False,False,True
L0662,S012,C032,video_watch,2024-03-20,76,5,1,True,False,False
L0675,S012,C034,video_watch,2024-03-31,29,5,1,True,False,False
L0614,S012,C035,video_watch,2024-01-05,31,12,1,True,False,False
L0615,S012,C035,assignment,2024-01-14,26,18,1,False,True,True
L0616,S012,C035,quiz_attempt,2024-01-25,22,25,1,False,False,True
L0684,S013,C001,video_watch,2024-01-23,15,12,1,True,False,False
L0685,S013,C001,video_watch,2024-01-25,13,41,2,True,False,False
L0686,S013,C001,assignment,2024-01-29,12,71,3,False,True,True
L0687,S013,C001,quiz_attempt,2024-01-31,10,100,4,False,False,True
L0710,S013,C002,video_watch,2024-03-24,56,5,1,True,False,False
L0705,S013,C005,video_watch,2024-02-17,29,12,1,True,False,False
L0706,S013,C005,video_watch,2024-02-24,26,24,1,True,False,False
L0707,S013,C005,assignment,2024-02-28,23,35,2,False,True,True
L0708,S013,C005,quiz_attempt,2024-03-07,20,47,2,False,False,True
L0676,S013,C006,video_watch,2024-01-05,24,5,1,True,False,False
L0702,S013,C007,video_watch,2024-03-01,15,12,1,True,False,False
L0703,S013,C007,assignment,2024-03-03,13,18,1,False,True,True
L0704,S013,C007,quiz_attempt,2024-03-06,11,25,1,False,False,True
L0697,S013,C009,video_watch,2024-03-01,54,5,1,True,False,False
L0677,S013,C013,video_watch,2024-01-09,54,5,1,True,False,False
L0709,S013,C016,video_watch,2024-03-17,20,5,1,True,False,False
L0688,S013,C018,video_watch,2024-01-23,16,12,1,True,False,False
L0689,S013,C018,video_watch,2024-01-26,15,23,1,True,False,False
L0690,S013,C018,assignment,2024-01-31,13,34,2,False,True,True
L0691,S013,C018,quiz_attempt,2024-02-03,11,45,2,False,False,True
L0682,S013,C019,video_watch,2024-01-24,35,12,1,True,False,False
L0683,S013,C019,video_watch,2024-01-24,25,18,1,True,False,False
L0693,S013,C021,video_watch,2024-02-03,13,12,1,True,False,False
L0694,S013,C021,video_watch,2024-02-07,12,28,2,True,False,False
L0695,S013,C021,assignment,2024-02-11,10,43,2,False,True,True
L0696,S013,C021,video_watch,2024-02-15,10,59,3,True,False,False
L0711,S013,C025,video_watch,2024-03-16,38,12,1,True,False,False
L0712,S013,C025,assignment,2024-03-20,32,18,1,False,True,True
L0713,S013,C025,quiz_attempt,2024-03-24,26,25,1,False,False,True
L0714,S013,C026,video_watch,2024-01-16,10,12,1,True,False,False
L0715,S013,C026,video_watch,2024-02-05,10,34,2,True,False,False
L0716,S013,C026,assignment,2024-03-09,10,56,3,False,True,True
L0717,S013,C026,quiz_attempt,2024-03-29,10,78,4,False,False,True
L0692,S013,C030,video_watch,2024-02-10,94,5,1,True,False,False
L0698,S013,C032,video_watch,2024-02-18,11,12,1,True,False,False
L0699,S013,C032,video_watch,2024-02-22,10,34,2,True,False,False
L0700,S013,C032,assignment,2024-02-27,10,56,3,False,True,True
L0701,S013,C032,video_watch,2024-03-03,10,78,4,True,False,False
L0678,S013,C035,video_watch,2024-01-02,25,12,1,True,False,False
L0679,S013,C035,video_watch,2024-01-05,23,34,2,True,False,False
L0680,S013,C035,assignment,2024-01-10,20,56,3,False,True,True
L0681,S013,C035,video_watch,2024-01-15,18,78,4,True,False,False
L0739,S014,C001,video_watch,2024-02-11,43,5,1,True,False,False
L0755,S014,C002,video_watch,2024-03-19,37,12,1,True,False,False
L0756,S014,C002,assignment,2024-03-19,31,18,1,False,True,True
L0757,S014,C002,quiz_attempt,2024-03-20,26,25,1,False,False,True
L0731,S014,C004,video_watch,2024-01-09,18,12,1,True,False,False
L0732,S014,C004,video_watch,2024-01-18,17,23,1,True,False,False
L0733,S014,C004,assignment,2024-01-28,15,34,2,False,True,True
L0734,S014,C004,quiz_attempt,2024-02-07,13,45,2,False,False,True
L0771,S014,C005,video_watch,2024-03-15,17,12,1,True,False,False
L0772,S014,C005,video_watch,2024-03-19,16,31,2,True,False,False
L0773,S014,C005,assignment,2024-03-24,14,49,2,False,True,True
L0774,S014,C005,video_watch,2024-03-28,12,68,3,True,False,False
L0744,S014,C006,video_watch,2024-02-22,42,5,1,True,False,False
L0735,S014,C009,video_watch,2024-01-27,29,12,1,True,False,False
L0736,S014,C009,video_watch,2024-02-01,26,30,2,True,False,False
L0737,S014,C009,assignment,2024-02-04,23,49,2,False,True,True
L0738,S014,C009,video_watch,2024-02-09,20,67,3,True,False,False
L0754,S014,C010,video_watch,2024-03-19,81,5,1,True,False,False
L0766,S014,C012,video_watch,2024-03-25,46,5,1,True,False,False
L0750,S014,C013,video_watch,2024-02-10,18,12,1,True,False,False
L0751,S014,C013,video_watch,2024-02-20,16,24,1,True,False,False
L0752,S014,C013,assignment,2024-03-02,15,36,2,False,True,True
L0753,S014,C013,quiz_attempt,2024-03-10,13,48,2,False,False,True
L0722,S014,C014,video_watch,2024-01-21,68,5,1,True,False,False
L0761,S014,C017,video_watch,2024-03-22,79,5,1,True,False,False
L0740,S014,C018,video_watch,2024-01-26,10,12,1,True,False,False
L0741,S014,C018,video_watch,2024-02-03,10,30,2,True,False,False
L0742,S014,C018,assignment,2024-02-10,10,47,2,False,True,True
L0743,S014,C018,quiz_attempt,2024-02-17,10,65,3,False,False,True
L0767,S014,C021,video_watch,2024-03-07,22,12,1,True,False,False
L0768,S014,C021,video_watch,2024-03-13,20,27,2,True,False,False
L0769,S014,C021,assignment,2024-03-20,18,43,2,False,True,True
L0770,S014,C021,quiz_attempt,2024-03-27,15,58,3,False,False,True
L0718,S014,C022,video_watch,2024-01-10,13,12,1,True,False,False
L0719,S014,C022,video_watch,2024-01-13,12,41,2,True,False,False
L0720,S014,C022,assignment,2024-01-16,11,71,3,False,True,True
L0721,S014,C022,quiz_attempt,2024-01-20,10,100,4,False,False,True
L0723,S014,C023,video_watch,2024-01-12,21,12,1,True,False,False
L0724,S014,C023,video_watch,2024-01-15,19,23,1,True,False,False
L0725,S014,C023,assignment,2024-01-18,16,34,2,False,True,True
L0726,S014,C023,quiz_attempt,2024-01-22,14,45,2,False,False,True
L0745,S014,C024,video_watch,2024-03-05,79,5,1,True,False,False
L0762,S014,C025,video_watch,2024-01-10,27,12,1,True,False,False
L0763,S014,C025,video_watch,2024-02-07,24,23,1,True,False,False
L0764,S014,C025,assignment,2024-03-02,21,34,2,False,True,True
L0765,S014,C025,quiz_attempt,2024-03-22,19,45,2,False,False,True
L0727,S014,C026,video_watch,2024-01-12,17,12,1,True,False,False
L0728,S014,C026,video_watch,2024-01-17,15,32,2,True,False,False
L0729,S014,C026,assignment,2024-01-20,14,51,3,False,True,True
L0730,S014,C026,quiz_attempt,2024-01-25,12,71,3,False,False,True
L0749,S014,C027,video_watch,2024-03-09,44,5,1,True,False,False
L0775,S014,C029,video_watch,2024-03-28,59,5,1,True,False,False
L0746,S014,C031,video_watch,2024-01-11,17,12,1,True,False,False
L0747,S014,C031,assignment,2024-02-03,15,18,1,False,True,True
L0748,S014,C031,quiz_attempt,2024-03-08,12,25,1,False,False,True
L0758,S014,C032,video_watch,2024-02-27,31,12,1,True,False,False
L0759,S014,C032,assignment,2024-03-10,27,18,1,False,True,True
L0760,S014,C032,quiz_attempt,2024-03-21,22,25,1,False,False,True
L0786,S015,C001,video_watch,2024-02-10,10,5,1,True,False,False
L0787,S015,C001,video_watch,2024-02-15,10,5,1,True,False,False
L0788,S015,C001,quiz_attempt,2024-02-18,10,5,1,False,False,True
L0782,S015,C003,video_watch,2024-02-10,85,5,1,True,False,False
L0789,S015,C009,video_watch,2024-02-21,64,5,1,True,False,False
L0778,S015,C010,video_watch,2024-01-03,26,12,1,True,False,False
L0779,S015,C010,video_watch,2024-01-07,23,25,1,True,False,False
L0780,S015,C010,assignment,2024-01-12,21,38,2,False,True,True
L0781,S015,C010,video_watch,2024-01-15,18,51,3,True,False,False
L0785,S015,C011,video_watch,2024-02-17,60,5,1,True,False,False
L0791,S015,C013,video_watch,2024-03-02,39,5,1,True,False,False
L0795,S015,C014,video_watch,2024-01-11,12,12,1,True,False,False
L0796,S015,C014,video_watch,2024-02-04,11,24,1,True,False,False
L0797,S015,C014,assignment,2024-02-26,10,35,2,False,True,True
L0798,S015,C014,quiz_attempt,2024-03-13,10,47,2,False,False,True
L0783,S015,C016,video_watch,2024-02-11,18,8,1,True,False,False
L0784,S015,C016,video_watch,2024-02-11,12,8,1,True,False,False
L0805,S015,C018,video_watch,2024-03-18,10,12,1,True,False,False
L0806,S015,C018,assignment,2024-03-22,10,18,1,False,True,True
L0807,S015,C018,quiz_attempt,2024-03-28,10,25,1,False,False,True
L0799,S015,C021,video_watch,2024-02-08,10,12,1,True,False,False
L0800,S015,C021,assignment,2024-03-01,10,18,1,False,True,True
L0801,S015,C021,quiz_attempt,2024-03-18,10,25,1,False,False,True
L0808,S015,C025,video_watch,2024-01-29,13,12,1,True,False,False
L0809,S015,C025,assignment,2024-02-25,11,18,1,False,True,True
L0810,S015,C025,quiz_attempt,2024-03-29,10,25,1,False,False,True
L0776,S015,C029,video_watch,2024-01-10,67,5,1,True,False,False
L0790,S015,C031,video_watch,2024-02-26,26,5,1,True,False,False
L0777,S015,C032,video_watch,2024-01-12,71,5,1,True,False,False
L0802,S015,C033,video_watch,2024-03-03,33,12,1,True,False,False
L0803,S015,C033,assignment,2024-03-14,28,18,1,False,True,True
L0804,S015,C033,quiz_attempt,2024-03-27,23,25,1,False,False,True
L0792,S015,C035,video_watch,2024-02-07,36,12,1,True,False,False
L0793,S015,C035,assignment,2024-02-18,30,18,1,False,True,True
L0794,S015,C035,quiz_attempt,2024-03-03,25,25,1,False,False,True
L0814,S016,C001,video_watch,2024-01-28,13,12,1,True,False,False
L0815,S016,C001,video_watch,2024-01-30,12,41,2,True,False,False
L0816,S016,C001,assignment,2024-02-03,11,71,3,False,True,True
L0817,S016,C001,quiz_attempt,2024-02-05,10,100,4,False,False,True
L0834,S016,C003,video_watch,2024-03-08,64,5,1,True,False,False
L0823,S016,C004,video_watch,2024-01-29,13,12,1,True,False,False
L0824,S016,C004,video_watch,2024-02-07,12,31,2,True,False,False
L0825,S016,C004,assignment,2024-02-16,10,51,3,False,True,True
L0826,S016,C004,quiz_attempt,2024-02-25,10,70,3,False,False,True
L0811,S016,C006,video_watch,2024-01-02,31,12,1,True,False,False
L0812,S016,C006,assignment,2024-01-05,26,18,1,False,True,True
L0813,S016,C006,quiz_attempt,2024-01-09,21,25,1,False,False,True
L0818,S016,C009,video_watch,2024-02-07,59,5,1,True,False,False
L0827,S016,C014,video_watch,2024-02-05,10,12,1,True,False,False
L0828,S016,C014,video_watch,2024-02-13,10,29,2,True,False,False
L0829,S016,C014,assignment,2024-02-23,10,46,2,False,True,True
L0830,S016,C014,quiz_attempt,2024-02-29,10,63,3,False,False,True
L0838,S016,C016,video_watch,2024-01-20,25,12,1,True,False,False
L0839,S016,C016,video_watch,2024-02-10,23,34,2,True,False,False
L0840,S016,C016,assignment,2024-03-06,20,56,3,False,True,True
L0841,S016,C016,quiz_attempt,2024-03-24,18,78,4,False,False,True
L0819,S016,C017,video_watch,2024-01-29,20,12,1,True,False,False
L0820,S016,C017,video_watch,2024-02-02,17,15,1,True,False,False
L0821,S016,C017,quiz_attempt,2024-02-07,14,18,1,False,False,True
L0831,S016,C027,video_watch,2024-02-14,10,12,1,True,False,False
L0832,S016,C027,assignment,2024-02-21,10,18,1,False,True,True
L0833,S016,C027,quiz_attempt,2024-03-01,10,25,1,False,False,True
L0822,S016,C028,video_watch,2024-02-16,60,5,1,True,False,False
L0835,S016,C033,video_watch,2024-03-18,27,12,1,True,False,False
L0836,S016,C033,assignment,2024-03-20,23,18,1,False,True,True
L0837,S016,C033,quiz_attempt,2024-03-21,19,25,1,False,False,True
L0885,S017,C001,video_watch,2024-03-01,32,12,1,True,False,False
L0886,S017,C001,assignment,2024-03-09,27,18,1,False,True,True
L0887,S017,C001,quiz_attempt,2024-03-18,22,25,1,False,False,True
L0879,S017,C005,video_watch,2024-01-19,26,12,1,True,False,False
L0880,S017,C005,assignment,2024-02-16,22,18,1,False,True,True
L0881,S017,C005,quiz_attempt,2024-03-12,18,25,1,False,False,True
L0895,S017,C006,video_watch,2024-03-15,19,12,1,True,False,False
L0896,S017,C006,video_watch,2024-03-18,17,23,1,True,False,False
L0897,S017,C006,assignment,2024-03-23,16,34,2,False,True,True
L0898,S017,C006,video_watch,2024-03-26,14,45,2,True,False,False
L0888,S017,C008,video_watch,2024-01-26,24,12,1,True,False,False
L0889,S017,C008,video_watch,2024-02-14,21,28,2,True,False,False
L0890,S017,C008,assignment,2024-03-06,19,45,2,False,True,True
L0891,S017,C008,quiz_attempt,2024-03-21,17,61,3,False,False,True
L0842,S017,C009,video_watch,2024-01-06,88,5,1,True,False,False
L0851,S017,C010,video_watch,2024-01-11,26,12,1,True,False,False
L0852,S017,C010,video_watch,2024-01-15,23,25,1,True,False,False
L0853,S017,C010,assignment,2024-01-18,21,39,2,False,True,True
L0854,S017,C010,video_watch,2024-01-23,18,52,3,True,False,False
L0867,S017,C011,video_watch,2024-02-08,18,12,1,True,False,False
L0868,S017,C011,video_watch,2024-02-13,16,30,2,True,False,False
L0869,S017,C011,assignment,2024-02-17,14,47,2,False,True,True
L0870,S017,C011,quiz_attempt,2024-02-23,13,65,3,False,False,True
L0882,S017,C014,video_watch,2024-03-15,10,12,1,True,False,False
L0883,S017,C014,assignment,2024-03-15,10,18,1,False,True,True
L0884,S017,C014,quiz_attempt,2024-03-16,10,25,1,False,False,True
L0864,S017,C016,video_watch,2024-02-06,19,12,1,True,False,False
L0865,S017,C016,assignment,2024-02-14,16,18,1,False,True,True
L0866,S017,C016,quiz_attempt,2024-02-21,13,25,1,False,False,True
L0875,S017,C017,video_watch,2024-02-06,27,12,1,True,False,False
L0876,S017,C017,video_watch,2024-02-17,25,30,2,True,False,False
L0877,S017,C017,assignment,2024-02-25,22,49,2,False,True,True
L0878,S017,C017,quiz_attempt,2024-03-06,19,67,3,False,False,True
L0843,S017,C020,video_watch,2024-01-08,19,12,1,True,False,False
L0844,S017,C020,video_watch,2024-01-12,17,41,2,True,False,False
L0845,S017,C020,assignment,2024-01-14,15,71,3,False,True,True
L0846,S017,C020,quiz_attempt,2024-01-18,13,100,4,False,False,True
L0847,S017,C021,video_watch,2024-01-09,22,12,1,True,False,False
L0848,S017,C021,video_watch,2024-01-13,20,26,2,True,False,False
L0849,S017,C021,assignment,2024-01-17,18,41,2,False,True,True
L0850,S017,C021,quiz_attempt,2024-01-19,15,55,3,False,False,True
L0902,S017,C024,video_watch,2024-03-31,38,5,1,True,False,False
L0863,S017,C025,video_watch,2024-02-21,49,5,1,True,False,False
L0892,S017,C028,video_watch,2024-01-29,38,12,1,True,False,False
L0893,S017,C028,assignment,2024-02-21,32,18,1,False,True,True
L0894,S017,C028,quiz_attempt,2024-03-19,27,25,1,False,False,True
L0899,S017,C029,video_watch,2024-02-23,21,12,1,True,False,False
L0900,S017,C029,assignment,2024-03-10,18,18,1,False,True,True
L0901,S017,C029,quiz_attempt,2024-03-29,15,25,1,False,False,True
L0856,S017,C030,video_watch,2024-01-10,21,12,1,True,False,False
L0857,S017,C030,video_watch,2024-01-19,19,34,2,True,False,False
L0858,S017,C030,assignment,2024-02-01,17,57,3,False,True,True
L0859,S017,C030,quiz_attempt,2024-02-13,15,79,4,False,False,True
L0855,S017,C032,video_watch,2024-01-30,45,5,1,True,False,False
L0871,S017,C033,video_watch,2024-01-26,13,12,1,True,False,False
L0872,S017,C033,video_watch,2024-02-06,11,28,2,True,False,False
L0873,S017,C033,assignment,2024-02-20,10,43,2,False,True,True
L0874,S017,C033,quiz_attempt,2024-02-28,10,59,3,False,False,True
L0860,S017,C035,video_watch,2024-01-05,37,12,1,True,False,False
L0861,S017,C035,assignment,2024-01-28,31,18,1,False,True,True
L0862,S017,C035,quiz_attempt,2024-02-14,26,25,1,False,False,True
L0911,S018,C001,video_watch,2024-02-08,16,12,1,True,False,False
L0912,S018,C001,video_watch,2024-02-11,13,14,1,True,False,False
L0913,S018,C001,quiz_attempt,2024-02-15,11,15,1,False,False,True
L0931,S018,C005,video_watch,2024-02-29,38,12,1,True,False,False
L0932,S018,C005,assignment,2024-03-05,32,18,1,False,True,True
L0933,S018,C005,quiz_attempt,2024-03-09,27,25,1,False,False,True
L0938,S018,C006,video_watch,2024-02-21,15,12,1,True,False,False
L0939,S018,C006,video_watch,2024-03-02,14,27,2,True,False,False
L0940,S018,C006,assignment,2024-03-11,12,41,2,False,True,True
L0941,S018,C006,quiz_attempt,2024-03-18,11,56,3,False,False,True
L0946,S018,C009,video_watch,2024-02-11,18,12,1,True,False,False
L0947,S018,C009,video_watch,2024-02-23,16,29,2,True,False,False
L0948,S018,C009,assignment,2024-03-11,15,46,2,False,True,True
L0949,S018,C009,quiz_attempt,2024-03-26,13,63,3,False,False,True
L0919,S018,C011,video_watch,2024-02-22,28,5,1,True,False,False
L0903,S018,C012,video_watch,2024-01-11,52,5,1,True,False,False
L0910,S018,C013,video_watch,2024-02-14,56,5,1,True,False,False
L0908,S018,C014,video_watch,2024-02-09,21,12,1,True,False,False
L0909,S018,C014,video_watch,2024-02-09,14,12,1,True,False,False
L0915,S018,C015,video_watch,2024-02-10,28,12,1,True,False,False
L0916,S018,C015,video_watch,2024-02-14,26,23,1,True,False,False
L0917,S018,C015,assignment,2024-02-17,23,34,2,False,True,True
L0918,S018,C015,video_watch,2024-02-20,20,45,2,True,False,False
L0943,S018,C018,video_watch,2024-03-16,32,12,1,True,False,False
L0944,S018,C018,assignment,2024-03-19,27,18,1,False,True,True
L0945,S018,C018,quiz_attempt,2024-03-24,22,25,1,False,False,True
L0904,S018,C019,video_watch,2024-01-19,13,12,1,True,False,False
L0905,S018,C019,video_watch,2024-01-22,12,23,1,True,False,False
L0906,S018,C019,assignment,2024-01-26,10,35,2,False,True,True
L0907,S018,C019,video_watch,2024-01-29,10,46,2,True,False,False
L0920,S018,C020,video_watch,2024-02-08,13,12,1,True,False,False
L0921,S018,C020,video_watch,2024-02-12,12,33,2,True,False,False
L0922,S018,C020,assignment,2024-02-17,11,53,3,False,True,True
L0923,S018,C020,video_watch,2024-02-21,10,74,3,True,False,False
L0950,S018,C021,video_watch,2024-01-06,17,12,1,True,False,False
L0951,S018,C021,assignment,2024-02-18,14,18,1,False,True,True
L0952,S018,C021,quiz_attempt,2024-03-24,12,25,1,False,False,True
L0942,S018,C026,video_watch,2024-03-21,72,5,1,True,False,False
L0914,S018,C028,video_watch,2024-02-16,41,5,1,True,False,False
L0927,S018,C030,video_watch,2024-02-22,23,12,1,True,False,False
L0928,S018,C030,video_watch,2024-02-26,20,34,2,True,False,False
L0929,S018,C030,assignment,2024-03-03,18,55,3,False,True,True
L0930,S018,C030,quiz_attempt,2024-03-07,16,77,4,False,False,True
L0924,S018,C031,video_watch,2024-02-14,17,12,1,True,False,False
L0925,S018,C031,assignment,2024-02-21,14,18,1,False,True,True
L0926,S018,C031,quiz_attempt,2024-02-26,12,25,1,False,False,True
L0934,S018,C033,video_watch,2024-03-06,27,12,1,True,False,False
L0935,S018,C033,video_watch,2024-03-09,24,24,1,True,False,False
L0936,S018,C033,assignment,2024-03-14,21,35,2,False,True,True
L0937,S018,C033,video_watch,2024-03-17,19,47,2,True,False,False
L0974,S019,C002,video_watch,2024-03-18,35,5,1,True,False,False
L0953,S019,C004,video_watch,2024-01-20,16,12,1,True,False,False
L0954,S019,C004,video_watch,2024-01-23,15,41,2,True,False,False
L0955,S019,C004,assignment,2024-01-27,13,71,3,False,True,True
L0956,S019,C004,quiz_attempt,2024-01-30,11,100,4,False,False,True
L0966,S019,C005,video_watch,2024-03-09,71,5,1,True,False,False
L0998,S019,C008,video_watch,2024-02-24,10,12,1,True,False,False
L0999,S019,C008,video_watch,2024-03-07,10,32,2,True,False,False
L1000,S019,C008,assignment,2024-03-20,10,53,3,False,True,True
L1001,S019,C008,quiz_attempt,2024-03-31,10,73,3,False,False,True
L0992,S019,C013,video_watch,2024-03-24,20,12,1,True,False,False
L0993,S019,C013,assignment,2024-03-26,17,18,1,False,True,True
L0994,S019,C013,quiz_attempt,2024-03-28,14,25,1,False,False,True
L0962,S019,C014,video_watch,2024-02-24,35,5,1,True,False,False
L0985,S019,C016,video_watch,2024-03-05,12,12,1,True,False,False
L0986,S019,C016,assignment,2024-03-15,10,18,1,False,True,True
L0987,S019,C016,quiz_attempt,2024-03-26,10,25,1,False,False,True
L0995,S019,C017,video_watch,2024-02-01,10,12,1,True,False,False
L0996,S019,C017,assignment,2024-02-27,10,18,1,False,True,True
L0997,S019,C017,quiz_attempt,2024-03-28,10,25,1,False,False,True
L0981,S019,C018,video_watch,2024-03-15,28,12,1,True,False,False
L0982,S019,C018,video_watch,2024-03-19,25,23,1,True,False,False
L0983,S019,C018,assignment,2024-03-22,22,34,2,False,True,True
L0984,S019,C018,video_watch,2024-03-24,19,45,2,True,False,False
L0963,S019,C021,video_watch,2024-02-18,14,12,1,True,False,False
L0964,S019,C021,assignment,2024-02-25,12,18,1,False,True,True
L0965,S019,C021,quiz_attempt,2024-03-05,10,25,1,False,False,True
L0970,S019,C026,video_watch,2024-01-10,25,12,1,True,False,False
L0971,S019,C026,video_watch,2024-01-30,22,28,2,True,False,False
L0972,S019,C026,assignment,2024-02-17,20,44,2,False,True,True
L0973,S019,C026,quiz_attempt,2024-03-16,17,60,3,False,False,True
L0961,S019,C027,video_watch,2024-02-11,48,5,1,True,False,False
L0967,S019,C028,video_watch,2024-01-28,32,12,1,True,False,False
L0968,S019,C028,assignment,2024-02-17,27,18,1,False,True,True
L0969,S019,C028,quiz_attempt,2024-03-13,22,25,1,False,False,True
L0978,S019,C030,video_watch,2024-02-22,32,12,1,True,False,False
L0979,S019,C030,assignment,2024-03-09,27,18,1,False,True,True
L0980,S019,C030,quiz_attempt,2024-03-24,22,25,1,False,False,True
L0957,S019,C031,video_watch,2024-01-22,29,12,1,True,False,False
L0958,S019,C031,video_watch,2024-01-24,26,29,2,True,False,False
L0959,S019,C031,assignment,2024-01-28,24,46,2,False,True,True
L0960,S019,C031,quiz_attempt,2024-02-01,21,63,3,False,False,True
L0975,S019,C033,video_watch,2024-03-13,22,12,1,True,False,False
L0976,S019,C033,assignment,2024-03-18,19,18,1,False,True,True
L0977,S019,C033,quiz_attempt,2024-03-22,16,25,1,False,False,True
L0988,S019,C035,video_watch,2024-03-14,19,12,1,True,False,False
L0989,S019,C035,video_watch,2024-03-18,18,29,2,True,False,False
L0990,S019,C035,assignment,2024-03-23,16,45,2,False,True,True
L0991,S019,C035,video_watch,2024-03-27,14,62,3,True,False,False
L1052,S020,C001,video_watch,2024-03-16,22,12,1,True,False,False
L1053,S020,C001,video_watch,2024-03-19,20,24,1,True,False,False
L1054,S020,C001,assignment,2024-03-22,18,35,2,False,True,True
L1055,S020,C001,video_watch,2024-03-25,16,47,2,True,False,False
L1022,S020,C002,video_watch,2024-02-24,41,5,1,True,False,False
L1027,S020,C003,video_watch,2024-02-14,31,12,1,True,False,False
L1028,S020,C003,assignment,2024-02-24,26,18,1,False,True,True
L1029,S020,C003,quiz_attempt,2024-03-03,22,25,1,False,False,True
L1049,S020,C004,video_watch,2024-03-11,26,12,1,True,False,False
L1050,S020,C004,assignment,2024-03-17,22,18,1,False,True,True
L1051,S020,C004,quiz_attempt,2024-03-24,18,25,1,False,False,True
L1006,S020,C005,video_watch,2024-01-06,18,12,1,True,False,False
L1007,S020,C005,video_watch,2024-01-15,16,29,2,True,False,False
L1008,S020,C005,assignment,2024-01-21,14,45,2,False,True,True
L1009,S020,C005,quiz_attempt,2024-01-28,13,62,3,False,False,True
L1010,S020,C008,video_watch,2024-01-25,15,12,1,True,False,False
L1011,S020,C008,video_watch,2024-01-28,13,23,1,True,False,False
L1012,S020,C008,assignment,2024-01-31,12,34,2,False,True,True
L1013,S020,C008,quiz_attempt,2024-02-03,10,45,2,False,False,True
L1014,S020,C009,video_watch,2024-01-26,13,12,1,True,False,False
L1015,S020,C009,video_watch,2024-01-30,12,23,1,True,False,False
L1016,S020,C009,assignment,2024-02-02,11,34,2,False,True,True
L1017,S020,C009,quiz_attempt,2024-02-05,10,45,2,False,False,True
L1035,S020,C011,video_watch,2024-02-10,10,12,1,True,False,False
L1036,S020,C011,video_watch,2024-02-20,10,23,1,True,False,False
L1037,S020,C011,assignment,2024-02-27,10,34,2,False,True,True
L1038,S020,C011,quiz_attempt,2024-03-10,10,45,2,False,False,True
L1005,S020,C013,video_watch,2024-01-28,83,5,1,True,False,False
L1056,S020,C014,video_watch,2024-03-06,24,12,1,True,False,False
L1057,S020,C014,assignment,2024-03-16,20,18,1,False,True,True
L1058,S020,C014,quiz_attempt,2024-03-25,17,25,1,False,False,True
L1003,S020,C015,video_watch,2024-01-06,70,5,1,True,False,False
L1046,S020,C016,video_watch,2024-03-19,17,12,1,True,False,False
L1047,S020,C016,assignment,2024-03-19,14,18,1,False,True,True
L1048,S020,C016,quiz_attempt,2024-03-19,12,25,1,False,False,True
L1030,S020,C017,video_watch,2024-02-11,27,12,1,True,False,False
L1031,S020,C017,video_watch,2024-02-19,24,23,1,True,False,False
L1032,S020,C017,assignment,2024-02-25,22,34,2,False,True,True
L1033,S020,C017,quiz_attempt,2024-03-03,19,45,2,False,False,True
L1043,S020,C018,video_watch,2024-02-08,22,12,1,True,False,False
L1044,S020,C018,assignment,2024-02-22,19,18,1,False,True,True
L1045,S020,C018,quiz_attempt,2024-03-12,15,25,1,False,False,True
L1023,S020,C020,video_watch,2024-02-21,10,12,1,True,False,False
L1024,S020,C020,video_watch,2024-02-25,10,23,1,True,False,False
L1025,S020,C020,assignment,2024-02-27,10,34,2,False,True,True
L1026,S020,C020,video_watch,2024-03-01,10,45,2,True,False,False
L1059,S020,C023,video_watch,2024-03-11,22,12,1,True,False,False
L1060,S020,C023,assignment,2024-03-19,19,18,1,False,True,True
L1061,S020,C023,quiz_attempt,2024-03-29,16,25,1,False,False,True
L1063,S020,C024,video_watch,2024-02-04,24,12,1,True,False,False
L1064,S020,C024,video_watch,2024-02-19,21,32,2,True,False,False
L1065,S020,C024,assignment,2024-03-12,19,53,3,False,True,True
L1066,S020,C024,quiz_attempt,2024-03-31,17,73,3,False,False,True
L1034,S020,C028,video_watch,2024-03-03,59,5,1,True,False,False
L1062,S020,C029,video_watch,2024-03-30,49,5,1,True,False,False
L1067,S020,C030,video_watch,2024-03-10,26,12,1,True,False,False
L1068,S020,C030,video_watch,2024-03-16,23,34,2,True,False,False
L1069,S020,C030,assignment,2024-03-22,20,57,3,False,True,True
L1070,S020,C030,quiz_attempt,2024-03-31,18,79,4,False,False,True
L1018,S020,C031,video_watch,2024-01-23,12,12,1,True,False,False
L1019,S020,C031,video_watch,2024-02-01,11,23,1,True,False,False
L1020,S020,C031,assignment,2024-02-11,10,34,2,False,True,True
L1021,S020,C031,quiz_attempt,2024-02-19,10,45,2,False,False,True
L1004,S020,C032,video_watch,2024-01-27,56,5,1,True,False,False
L1039,S020,C033,video_watch,2024-02-28,13,12,1,True,False,False
L1040,S020,C033,video_watch,2024-03-02,11,25,1,True,False,False
L1041,S020,C033,assignment,2024-03-07,10,39,2,False,True,True
L1042,S020,C033,video_watch,2024-03-11,10,52,3,True,False,False
L1002,S020,C034,video_watch,2024-01-05,94,5,1,True,False,False
L1109,S021,C001,video_watch,2024-03-12,30,12,1,True,False,False
L1110,S021,C001,assignment,2024-03-20,25,18,1,False,True,True
L1111,S021,C001,quiz_attempt,2024-03-26,21,25,1,False,False,True
L1102,S021,C003,video_watch,2024-02-26,10,12,1,True,False,False
L1103,S021,C003,video_watch,2024-03-06,10,31,2,True,False,False
L1104,S021,C003,assignment,2024-03-14,10,51,3,False,True,True
L1105,S021,C003,quiz_attempt,2024-03-24,10,70,3,False,False,True
L1071,S021,C005,video_watch,2024-01-05,24,12,1,True,False,False
L1072,S021,C005,video_watch,2024-01-09,21,41,2,True,False,False
L1073,S021,C005,assignment,2024-01-12,19,71,3,False,True,True
L1074,S021,C005,quiz_attempt,2024-01-16,16,100,4,False,False,True
L1075,S021,C006,video_watch,2024-01-06,21,12,1,True,False,False
L1076,S021,C006,video_watch,2024-01-10,19,41,2,True,False,False
L1077,S021,C006,assignment,2024-01-14,16,71,3,False,True,True
L1078,S021,C006,quiz_attempt,2024-01-17,14,100,4,False,False,True
L1079,S021,C007,video_watch,2024-01-07,18,12,1,True,False,False
L1080,S021,C007,video_watch,2024-01-10,16,41,2,True,False,False
L1081,S021,C007,assignment,2024-01-16,14,71,3,False,True,True
L1082,S021,C007,quiz_attempt,2024-01-20,12,100,4,False,False,True
L1083,S021,C015,video_watch,2024-01-13,25,12,1,True,False,False
L1084,S021,C015,video_watch,2024-01-17,23,26,2,True,False,False
L1085,S021,C015,assignment,2024-01-21,20,39,2,False,True,True
L1086,S021,C015,quiz_attempt,2024-01-25,18,53,3,False,False,True
L1088,S021,C017,video_watch,2024-02-21,36,5,1,True,False,False
L1097,S021,C018,video_watch,2024-02-27,19,12,1,True,False,False
L1098,S021,C018,assignment,2024-03-08,16,18,1,False,True,True
L1099,S021,C018,quiz_attempt,2024-03-17,14,25,1,False,False,True
L1106,S021,C019,video_watch,2024-03-15,21,12,1,True,False,False
L1107,S021,C019,assignment,2024-03-20,18,18,1,False,True,True
L1108,S021,C019,quiz_attempt,2024-03-25,15,25,1,False,False,True
L1100,S021,C021,video_watch,2024-03-21,67,5,1,True,False,False
L1093,S021,C023,video_watch,2024-03-02,21,12,1,True,False,False
L1094,S021,C023,video_watch,2024-03-05,19,24,1,True,False,False
L1095,S021,C023,assignment,2024-03-12,17,36,2,False,True,True
L1096,S021,C023,quiz_attempt,2024-03-17,15,48,2,False,False,True
L1112,S021,C024,video_watch,2024-02-07,23,12,1,True,False,False
L1113,S021,C024,video_watch,2024-02-27,21,32,2,True,False,False
L1114,S021,C024,assignment,2024-03-14,18,53,3,False,True,True
L1115,S021,C024,quiz_attempt,2024-03-27,16,73,3,False,False,True
L1116,S021,C026,video_watch,2024-03-27,96,5,1,True,False,False
L1087,S021,C028,video_watch,2024-02-18,49,5,1,True,False,False
L1089,S021,C030,video_watch,2024-02-14,17,12,1,True,False,False
L1090,S021,C030,video_watch,2024-02-23,15,34,2,True,False,False
L1091,S021,C030,assignment,2024-03-04,13,56,3,False,True,True
L1092,S021,C030,quiz_attempt,2024-03-16,12,78,4,False,False,True
L1120,S021,C031,video_watch,2024-03-28,24,12,1,True,False,False
L1121,S021,C031,assignment,2024-03-29,21,18,1,False,True,True
L1122,S021,C031,quiz_attempt,2024-03-30,17,25,1,False,False,True
L1101,S021,C033,video_watch,2024-03-22,72,5,1,True,False,False
L1117,S021,C035,video_watch,2024-02-28,31,12,1,True,False,False
L1118,S021,C035,assignment,2024-03-12,26,18,1,False,True,True
L1119,S021,C035,quiz_attempt,2024-03-28,21,25,1,False,False,True
L1136,S022,C001,video_watch,2024-02-13,10,12,1,True,False,False
L1137,S022,C001,video_watch,2024-02-13,10,24,1,True,False,False
L1138,S022,C001,assignment,2024-02-13,10,35,2,False,True,True
L1139,S022,C001,video_watch,2024-02-13,10,47,2,True,False,False
L1154,S022,C003,video_watch,2024-02-19,31,12,1,True,False,False
L1155,S022,C003,assignment,2024-02-28,26,18,1,False,True,True
L1156,S022,C003,quiz_attempt,2024-03-09,22,25,1,False,False,True
L1165,S022,C004,video_watch,2024-01-28,38,12,1,True,False,False
L1166,S022,C004,assignment,2024-02-23,32,18,1,False,True,True
L1167,S022,C004,quiz_attempt,2024-03-13,27,25,1,False,False,True
L1151,S022,C005,video_watch,2024-02-24,15,12,1,True,False,False
L1152,S022,C005,assignment,2024-03-02,13,18,1,False,True,True
L1153,S022,C005,quiz_attempt,2024-03-08,11,25,1,False,False,True
L1173,S022,C006,video_watch,2024-03-03,30,12,1,True,False,False
L1174,S022,C006,assignment,2024-03-13,26,18,1,False,True,True
L1175,S022,C006,quiz_attempt,2024-03-22,21,25,1,False,False,True
L1144,S022,C008,video_watch,2024-02-12,12,10,1,True,False,False
L1145,S022,C008,video_watch,2024-02-16,10,10,1,True,False,False
L1146,S022,C008,quiz_attempt,2024-02-20,10,10,1,False,False,True
L1172,S022,C012,video_watch,2024-03-21,98,5,1,True,False,False
L1168,S022,C013,video_watch,2024-02-29,11,12,1,True,False,False
L1169,S022,C013,video_watch,2024-03-07,10,23,1,True,False,False
L1170,S022,C013,assignment,2024-03-13,10,34,2,False,True,True
L1171,S022,C013,quiz_attempt,2024-03-20,10,45,2,False,False,True
L1162,S022,C014,video_watch,2024-03-06,11,12,1,True,False,False
L1163,S022,C014,assignment,2024-03-09,10,18,1,False,True,True
L1164,S022,C014,quiz_attempt,2024-03-13,10,25,1,False,False,True
L1182,S022,C015,video_watch,2024-03-02,23,12,1,True,False,False
L1183,S022,C015,assignment,2024-03-12,19,18,1,False,True,True
L1184,S022,C015,quiz_attempt,2024-03-25,16,25,1,False,False,True
L1128,S022,C016,video_watch,2024-01-24,10,12,1,True,False,False
L1129,S022,C016,video_watch,2024-01-27,10,23,1,True,False,False
L1130,S022,C016,assignment,2024-01-30,10,34,2,False,True,True
L1131,S022,C016,video_watch,2024-02-03,10,45,2,True,False,False
L1147,S022,C017,video_watch,2024-01-15,10,12,1,True,False,False
L1148,S022,C017,video_watch,2024-01-30,10,31,2,True,False,False
L1149,S022,C017,assignment,2024-02-08,10,50,2,False,True,True
L1150,S022,C017,quiz_attempt,2024-02-24,10,69,3,False,False,True
L1157,S022,C018,video_watch,2024-02-04,24,12,1,True,False,False
L1158,S022,C018,video_watch,2024-02-17,21,23,1,True,False,False
L1159,S022,C018,assignment,2024-02-28,19,34,2,False,True,True
L1160,S022,C018,quiz_attempt,2024-03-11,17,45,2,False,False,True
L1140,S022,C019,video_watch,2024-01-30,21,12,1,True,False,False
L1141,S022,C019,video_watch,2024-02-04,19,33,2,True,False,False
L1142,S022,C019,assignment,2024-02-08,17,53,3,False,True,True
L1143,S022,C019,quiz_attempt,2024-02-13,15,74,3,False,False,True
L1176,S022,C022,video_watch,2024-03-17,16,12,1,True,False,False
L1177,S022,C022,assignment,2024-03-20,13,18,1,False,True,True
L1178,S022,C022,quiz_attempt,2024-03-23,11,25,1,False,False,True
L1179,S022,C023,video_watch,2024-03-17,21,12,1,True,False,False
L1180,S022,C023,assignment,2024-03-20,18,18,1,False,True,True
L1181,S022,C023,quiz_attempt,2024-03-23,15,25,1,False,False,True
L1123,S022,C024,video_watch,2024-01-31,75,5,1,True,False,False
L1132,S022,C025,video_watch,2024-01-23,29,12,1,True,False,False
L1133,S022,C025,assignment,2024-01-29,25,18,1,False,True,True
L1134,S022,C025,quiz_attempt,2024-02-04,20,25,1,False,False,True
L1161,S022,C027,video_watch,2024-03-12,87,5,1,True,False,False
L1127,S022,C029,video_watch,2024-02-02,80,5,1,True,False,False
L1124,S022,C030,video_watch,2024-01-10,20,12,1,True,False,False
L1125,S022,C030,assignment,2024-01-20,17,18,1,False,True,True
L1126,S022,C030,quiz_attempt,2024-01-30,14,25,1,False,False,True
L1135,S022,C032,video_watch,2024-02-08,21,5,1,True,False,False
L1191,S023,C001,video_watch,2024-01-30,15,12,1,True,False,False
L1192,S023,C001,video_watch,2024-02-02,13,41,2,True,False,False
L1193,S023,C001,assignment,2024-02-06,12,71,3,False,True,True
L1194,S023,C001,quiz_attempt,2024-02-08,10,100,4,False,False,True
L1215,S023,C008,video_watch,2024-03-09,43,5,1,True,False,False
L1207,S023,C014,video_watch,2024-02-20,23,12,1,True,False,False
L1208,S023,C014,assignment,2024-02-21,19,18,1,False,True,True
L1209,S023,C014,quiz_attempt,2024-02-22,16,25,1,False,False,True
L1203,S023,C015,video_watch,2024-02-09,16,12,1,True,False,False
L1204,S023,C015,video_watch,2024-02-14,15,27,2,True,False,False
L1205,S023,C015,assignment,2024-02-16,13,43,2,False,True,True
L1206,S023,C015,quiz_attempt,2024-02-21,11,58,3,False,False,True
L1187,S023,C016,video_watch,2024-01-22,13,12,1,True,False,False
L1188,S023,C016,video_watch,2024-01-24,12,26,2,True,False,False
L1189,S023,C016,assignment,2024-01-29,10,39,2,False,True,True
L1190,S023,C016,quiz_attempt,2024-02-01,10,53,3,False,False,True
L1195,S023,C018,video_watch,2024-01-31,16,12,1,True,False,False
L1196,S023,C018,video_watch,2024-02-03,15,24,1,True,False,False
L1197,S023,C018,assignment,2024-02-07,13,37,2,False,True,True
L1198,S023,C018,quiz_attempt,2024-02-10,11,49,2,False,False,True
L1220,S023,C019,video_watch,2024-01-25,21,12,1,True,False,False
L1221,S023,C019,video_watch,2024-02-05,19,27,2,True,False,False
L1222,S023,C019,assignment,2024-02-27,17,41,2,False,True,True
L1223,S023,C019,quiz_attempt,2024-03-12,15,56,3,False,False,True
L1226,S023,C020,video_watch,2024-03-13,14,12,1,True,False,False
L1227,S023,C020,video_watch,2024-03-16,13,27,2,True,False,False
L1228,S023,C020,assignment,2024-03-22,11,41,2,False,True,True
L1229,S023,C020,video_watch,2024-03-25,10,56,3,True,False,False
L1225,S023,C021,video_watch,2024-03-22,74,5,1,True,False,False
L1216,S023,C022,video_watch,2024-02-21,22,12,1,True,False,False
L1217,S023,C022,video_watch,2024-02-26,20,29,2,True,False,False
L1218,S023,C022,assignment,2024-03-03,18,46,2,False,True,True
L1219,S023,C022,quiz_attempt,2024-03-09,15,63,3,False,False,True
L1186,S023,C025,video_watch,2024-01-20,80,5,1,True,False,False
L1214,S023,C026,video_watch,2024-03-04,56,5,1,True,False,False
L1199,S023,C027,video_watch,2024-02-11,34,5,1,True,False,False
L1224,S023,C029,video_watch,2024-03-15,97,5,1,True,False,False
L1185,S023,C031,video_watch,2024-01-10,77,5,1,True,False,False
L1200,S023,C032,video_watch,2024-02-03,33,12,1,True,False,False
L1201,S023,C032,assignment,2024-02-09,28,18,1,False,True,True
L1202,S023,C032,quiz_attempt,2024-02-18,23,25,1,False,False,True
L1210,S023,C035,video_watch,2024-02-08,20,12,1,True,False,False
L1211,S023,C035,video_watch,2024-02-15,18,23,1,True,False,False
L1212,S023,C035,assignment,2024-02-21,16,34,2,False,True,True
L1213,S023,C035,quiz_attempt,2024-02-28,14,45,2,False,False,True
L1254,S024,C001,video_watch,2024-01-05,19,12,1,True,False,False
L1255,S024,C001,video_watch,2024-01-15,17,27,2,True,False,False
L1256,S024,C001,assignment,2024-01-22,15,43,2,False,True,True
L1257,S024,C001,quiz_attempt,2024-01-31,13,58,3,False,False,True
L1262,S024,C002,video_watch,2024-02-09,73,5,1,True,False,False
L1276,S024,C003,video_watch,2024-01-19,10,12,1,True,False,False
L1277,S024,C003,assignment,2024-02-20,10,18,1,False,True,True
L1278,S024,C003,quiz_attempt,2024-03-28,10,25,1,False,False,True
L1230,S024,C005,video_watch,2024-01-02,25,12,1,True,False,False
L1231,S024,C005,video_watch,2024-01-07,23,41,2,True,False,False
L1232,S024,C005,assignment,2024-01-09,20,71,3,False,True,True
L1233,S024,C005,quiz_attempt,2024-01-14,18,100,4,False,False,True
L1235,S024,C006,video_watch,2024-01-03,38,12,1,True,False,False
L1236,S024,C006,video_watch,2024-01-07,34,41,2,True,False,False
L1237,S024,C006,assignment,2024-01-11,31,71,3,False,True,True
L1238,S024,C006,quiz_attempt,2024-01-16,27,100,4,False,False,True
L1279,S024,C008,video_watch,2024-03-29,47,5,1,True,False,False
L1273,S024,C010,video_watch,2024-02-29,39,12,1,True,False,False
L1274,S024,C010,assignment,2024-03-06,33,18,1,False,True,True
L1275,S024,C010,quiz_attempt,2024-03-11,27,25,1,False,False,True
L1268,S024,C015,video_watch,2024-02-19,85,5,1,True,False,False
L1280,S024,C016,video_watch,2024-03-17,28,12,1,True,False,False
L1281,S024,C016,video_watch,2024-03-21,25,27,2,True,False,False
L1282,S024,C016,assignment,2024-03-25,22,43,2,False,True,True
L1283,S024,C016,video_watch,2024-03-28,19,58,3,True,False,False
L1269,S024,C019,video_watch,2024-02-12,24,12,1,True,False,False
L1270,S024,C019,assignment,2024-02-19,20,18,1,False,True,True
L1271,S024,C019,quiz_attempt,2024-02-27,17,25,1,False,False,True
L1263,S024,C021,video_watch,2024-01-31,27,12,1,True,False,False
L1264,S024,C021,video_watch,2024-02-05,24,33,2,True,False,False
L1265,S024,C021,assignment,2024-02-09,21,54,3,False,True,True
L1266,S024,C021,video_watch,2024-02-13,19,75,3,True,False,False
L1239,S024,C022,video_watch,2024-01-04,14,12,1,True,False,False
L1240,S024,C022,video_watch,2024-01-09,13,23,1,True,False,False
L1241,S024,C022,assignment,2024-01-12,11,34,2,False,True,True
L1242,S024,C022,quiz_attempt,2024-01-18,10,45,2,False,False,True
L1251,S024,C024,video_watch,2024-01-29,18,12,1,True,False,False
L1252,S024,C024,assignment,2024-01-30,15,18,1,False,True,True
L1253,S024,C024,quiz_attempt,2024-01-30,12,25,1,False,False,True
L1243,S024,C025,video_watch,2024-01-04,21,12,1,True,False,False
L1244,S024,C025,video_watch,2024-01-08,19,41,2,True,False,False
L1245,S024,C025,assignment,2024-01-13,16,71,3,False,True,True
L1246,S024,C025,quiz_attempt,2024-01-18,14,100,4,False,False,True
L1247,S024,C026,video_watch,2024-01-04,15,12,1,True,False,False
L1248,S024,C026,video_watch,2024-01-11,14,23,1,True,False,False
L1249,S024,C026,assignment,2024-01-19,12,34,2,False,True,True
L1250,S024,C026,quiz_attempt,2024-01-25,11,45,2,False,False,True
L1267,S024,C030,video_watch,2024-02-16,62,5,1,True,False,False
L1258,S024,C031,video_watch,2024-01-26,10,12,1,True,False,False
L1259,S024,C031,video_watch,2024-01-30,10,33,2,True,False,False
L1260,S024,C031,assignment,2024-02-04,10,55,3,False,True,True
L1261,S024,C031,video_watch,2024-02-08,10,76,4,True,False,False
L1272,S024,C032,video_watch,2024-03-04,37,5,1,True,False,False
L1234,S024,C035,video_watch,2024-01-15,21,5,1,True,False,False
L1296,S025,C001,video_watch,2024-02-15,14,12,1,True,False,False
L1297,S025,C001,video_watch,2024-02-18,12,12,1,True,False,False
L1298,S025,C001,quiz_attempt,2024-02-22,10,12,1,False,False,True
L1284,S025,C003,video_watch,2024-01-20,48,5,1,True,False,False
L1326,S025,C004,video_watch,2024-01-25,18,12,1,True,False,False
L1327,S025,C004,assignment,2024-02-21,15,18,1,False,True,True
L1328,S025,C004,quiz_attempt,2024-03-18,12,25,1,False,False,True
L1289,S025,C005,video_watch,2024-01-22,10,12,1,True,False,False
L1290,S025,C005,video_watch,2024-01-30,10,26,2,True,False,False
L1291,S025,C005,assignment,2024-02-06,10,39,2,False,True,True
L1292,S025,C005,quiz_attempt,2024-02-14,10,53,3,False,False,True
L1295,S025,C006,video_watch,2024-02-18,54,5,1,True,False,False
L1336,S025,C008,video_watch,2024-01-10,10,12,1,True,False,False
L1337,S025,C008,video_watch,2024-02-02,10,26,2,True,False,False
L1338,S025,C008,assignment,2024-02-29,10,39,2,False,True,True
L1339,S025,C008,quiz_attempt,2024-03-29,10,53,3,False,False,True
L1309,S025,C012,video_watch,2024-03-01,14,12,1,True,False,False
L1310,S025,C012,assignment,2024-03-02,12,18,1,False,True,True
L1311,S025,C012,quiz_attempt,2024-03-04,10,25,1,False,False,True
L1285,S025,C014,video_watch,2024-01-19,10,12,1,True,False,False
L1286,S025,C014,video_watch,2024-01-23,10,24,1,True,False,False
L1287,S025,C014,assignment,2024-01-26,10,36,2,False,True,True
L1288,S025,C014,video_watch,2024-01-30,10,48,2,True,False,False
L1299,S025,C015,video_watch,2024-02-12,16,12,1,True,False,False
L1300,S025,C015,video_watch,2024-02-16,15,28,2,True,False,False
L1301,S025,C015,assignment,2024-02-22,13,45,2,False,True,True
L1302,S025,C015,video_watch,2024-02-25,11,61,3,True,False,False
L1293,S025,C016,video_watch,2024-02-16,24,12,1,True,False,False
L1294,S025,C016,video_watch,2024-02-16,16,15,1,True,False,False
L1312,S025,C017,video_watch,2024-02-22,19,12,1,True,False,False
L1313,S025,C017,assignment,2024-02-29,16,18,1,False,True,True
L1314,S025,C017,quiz_attempt,2024-03-06,13,25,1,False,False,True
L1322,S025,C018,video_watch,2024-03-17,24,5,1,True,False,False
L1318,S025,C020,video_watch,2024-01-28,23,12,1,True,False,False
L1319,S025,C020,video_watch,2024-02-10,21,27,2,True,False,False
L1320,S025,C020,assignment,2024-02-25,18,43,2,False,True,True
L1321,S025,C020,quiz_attempt,2024-03-06,16,58,3,False,False,True
L1323,S025,C022,video_watch,2024-02-22,23,12,1,True,False,False
L1324,S025,C022,assignment,2024-03-03,20,18,1,False,True,True
L1325,S025,C022,quiz_attempt,2024-03-17,16,25,1,False,False,True
L1329,S025,C024,video_watch,2024-03-06,20,12,1,True,False,False
L1330,S025,C024,video_watch,2024-03-14,18,24,1,True,False,False
L1331,S025,C024,assignment,2024-03-19,16,36,2,False,True,True
L1332,S025,C024,quiz_attempt,2024-03-26,14,48,2,False,False,True
L1303,S025,C025,video_watch,2024-02-25,44,5,1,True,False,False
L1304,S025,C026,video_watch,2024-02-25,63,5,1,True,False,False
L1315,S025,C027,video_watch,2024-01-22,17,12,1,True,False,False
L1316,S025,C027,assignment,2024-02-14,14,18,1,False,True,True
L1317,S025,C027,quiz_attempt,2024-03-08,12,25,1,False,False,True
L1305,S025,C032,video_watch,2024-01-20,10,12,1,True,False,False
L1306,S025,C032,video_watch,2024-01-29,10,28,2,True,False,False
L1307,S025,C032,assignment,2024-02-16,10,43,2,False,True,True
L1308,S025,C032,quiz_attempt,2024-02-28,10,59,3,False,False,True
L1333,S025,C035,video_watch,2024-03-14,10,12,1,True,False,False
L1334,S025,C035,assignment,2024-03-20,10,18,1,False,True,True
L1335,S025,C035,quiz_attempt,2024-03-27,10,25,1,False,False,True
L1356,S026,C001,video_watch,2024-02-22,75,5,1,True,False,False
L1348,S026,C004,video_watch,2024-01-18,18,12,1,True,False,False
L1349,S026,C004,video_watch,2024-01-21,16,41,2,True,False,False
L1350,S026,C004,assignment,2024-01-24,14,71,3,False,True,True
L1351,S026,C004,quiz_attempt,2024-01-28,12,100,4,False,False,True
L1374,S026,C005,video_watch,2024-02-22,14,12,1,True,False,False
L1375,S026,C005,assignment,2024-03-05,12,18,1,False,True,True
L1376,S026,C005,quiz_attempt,2024-03-19,10,25,1,False,False,True
L1371,S026,C007,video_watch,2024-01-04,38,12,1,True,False,False
L1372,S026,C007,assignment,2024-02-07,32,18,1,False,True,True
L1373,S026,C007,quiz_attempt,2024-03-19,27,25,1,False,False,True
L1357,S026,C008,video_watch,2024-01-27,21,12,1,True,False,False
L1358,S026,C008,assignment,2024-02-10,18,18,1,False,True,True
L1359,S026,C008,quiz_attempt,2024-02-23,15,25,1,False,False,True
L1340,S026,C012,video_watch,2024-01-07,70,5,1,True,False,False
L1352,S026,C014,video_watch,2024-01-19,15,12,1,True,False,False
L1353,S026,C014,video_watch,2024-01-22,13,26,2,True,False,False
L1354,S026,C014,assignment,2024-01-27,12,40,2,False,True,True
L1355,S026,C014,quiz_attempt,2024-01-30,10,54,3,False,False,True
L1341,S026,C018,video_watch,2024-01-04,25,12,1,True,False,False
L1342,S026,C018,video_watch,2024-01-07,22,26,2,True,False,False
L1343,S026,C018,assignment,2024-01-12,20,39,2,False,True,True
L1344,S026,C018,video_watch,2024-01-15,17,53,3,True,False,False
L1377,S026,C020,video_watch,2024-03-25,73,5,1,True,False,False
L1363,S026,C021,video_watch,2024-03-10,78,5,1,True,False,False
L1345,S026,C027,video_watch,2024-01-15,28,12,1,True,False,False
L1346,S026,C027,assignment,2024-01-19,24,18,1,False,True,True
L1347,S026,C027,quiz_attempt,2024-01-22,20,25,1,False,False,True
L1360,S026,C028,video_watch,2024-01-22,37,12,1,True,False,False
L1361,S026,C028,assignment,2024-02-07,32,18,1,False,True,True
L1362,S026,C028,quiz_attempt,2024-02-25,26,25,1,False,False,True
L1367,S026,C033,video_watch,2024-02-29,14,12,1,True,False,False
L1368,S026,C033,video_watch,2024-03-05,13,30,2,True,False,False
L1369,S026,C033,assignment,2024-03-10,11,47,2,False,True,True
L1370,S026,C033,quiz_attempt,2024-03-16,10,65,3,False,False,True
L1364,S026,C034,video_watch,2024-02-25,15,12,1,True,False,False
L1365,S026,C034,assignment,2024-03-06,13,18,1,False,True,True
L1366,S026,C034,quiz_attempt,2024-03-13,11,25,1,False,False,True
L1383,S027,C001,video_watch,2024-01-29,16,12,1,True,False,False
L1384,S027,C001,video_watch,2024-02-01,15,41,2,True,False,False
L1385,S027,C001,assignment,2024-02-05,13,71,3,False,True,True
L1386,S027,C001,quiz_attempt,2024-02-08,11,100,4,False,False,True
L1387,S027,C003,video_watch,2024-01-29,18,12,1,True,False,False
L1388,S027,C003,video_watch,2024-02-03,16,23,1,True,False,False
L1389,S027,C003,assignment,2024-02-05,14,34,2,False,True,True
L1390,S027,C003,quiz_attempt,2024-02-10,12,45,2,False,False,True
L1379,S027,C004,video_watch,2024-01-06,20,12,1,True,False,False
L1380,S027,C004,video_watch,2024-01-18,18,29,2,True,False,False
L1381,S027,C004,assignment,2024-01-27,16,46,2,False,True,True
L1382,S027,C004,quiz_attempt,2024-02-07,14,63,3,False,False,True
L1413,S027,C005,video_watch,2024-03-23,16,12,1,True,False,False
L1414,S027,C005,assignment,2024-03-26,14,18,1,False,True,True
L1415,S027,C005,quiz_attempt,2024-03-29,11,25,1,False,False,True
L1395,S027,C008,video_watch,2024-03-15,97,5,1,True,False,False
L1406,S027,C010,video_watch,2024-03-13,30,12,1,True,False,False
L1407,S027,C010,assignment,2024-03-19,26,18,1,False,True,True
L1408,S027,C010,quiz_attempt,2024-03-25,21,25,1,False,False,True
L1391,S027,C014,video_watch,2024-02-17,40,5,1,True,False,False
L1378,S027,C017,video_watch,2024-01-21,95,5,1,True,False,False
L1416,S027,C018,video_watch,2024-02-09,16,12,1,True,False,False
L1417,S027,C018,assignment,2024-03-04,13,18,1,False,True,True
L1418,S027,C018,quiz_attempt,2024-03-30,11,25,1,False,False,True
L1393,S027,C022,video_watch,2024-03-03,50,5,1,True,False,False
L1397,S027,C023,video_watch,2024-03-17,45,5,1,True,False,False
L1396,S027,C024,video_watch,2024-03-16,54,5,1,True,False,False
L1394,S027,C026,video_watch,2024-03-06,93,5,1,True,False,False
L1398,S027,C027,video_watch,2024-03-13,29,12,1,True,False,False
L1399,S027,C027,video_watch,2024-03-17,26,23,1,True,False,False
L1400,S027,C027,assignment,2024-03-20,23,34,2,False,True,True
L1401,S027,C027,video_watch,2024-03-23,20,45,2,True,False,False
L1402,S027,C029,video_watch,2024-01-31,23,12,1,True,False,False
L1403,S027,C029,video_watch,2024-02-17,20,24,1,True,False,False
L1404,S027,C029,assignment,2024-03-05,18,36,2,False,True,True
L1405,S027,C029,quiz_attempt,2024-03-23,16,48,2,False,False,True
L1409,S027,C031,video_watch,2024-02-26,11,12,1,True,False,False
L1410,S027,C031,video_watch,2024-03-07,10,24,1,True,False,False
L1411,S027,C031,assignment,2024-03-18,10,36,2,False,True,True
L1412,S027,C031,quiz_attempt,2024-03-27,10,48,2,False,False,True
L1392,S027,C033,video_watch,2024-02-20,22,5,1,True,False,False
L1462,S028,C001,video_watch,2024-03-08,14,12,1,True,False,False
L1463,S028,C001,assignment,2024-03-15,12,18,1,False,True,True
L1464,S028,C001,quiz_attempt,2024-03-25,10,25,1,False,False,True
L1433,S028,C002,video_watch,2024-02-11,22,5,1,True,False,False
L1465,S028,C003,video_watch,2024-01-14,31,12,1,True,False,False
L1466,S028,C003,assignment,2024-02-19,26,18,1,False,True,True
L1467,S028,C003,quiz_attempt,2024-03-27,21,25,1,False,False,True
L1449,S028,C004,video_watch,2024-02-23,12,12,1,True,False,False
L1450,S028,C004,video_watch,2024-02-26,11,27,2,True,False,False
L1451,S028,C004,assignment,2024-03-01,10,43,2,False,True,True
L1452,S028,C004,video_watch,2024-03-06,10,58,3,True,False,False
L1427,S028,C005,video_watch,2024-01-14,10,12,1,True,False,False
L1428,S028,C005,video_watch,2024-01-18,10,23,1,True,False,False
L1429,S028,C005,assignment,2024-01-22,10,34,2,False,True,True
L1430,S028,C005,video_watch,2024-01-25,10,45,2,True,False,False
L1448,S028,C006,video_watch,2024-03-03,29,5,1,True,False,False
L1432,S028,C012,video_watch,2024-02-10,46,5,1,True,False,False
L1457,S028,C013,video_watch,2024-03-12,90,5,1,True,False,False
L1441,S028,C016,video_watch,2024-02-04,24,12,1,True,False,False
L1442,S028,C016,assignment,2024-02-12,21,18,1,False,True,True
L1443,S028,C016,quiz_attempt,2024-02-20,17,25,1,False,False,True
L1434,S028,C017,video_watch,2024-01-19,13,12,1,True,False,False
L1435,S028,C017,assignment,2024-02-02,11,18,1,False,True,True
L1436,S028,C017,quiz_attempt,2024-02-15,10,25,1,False,False,True
L1444,S028,C020,video_watch,2024-02-12,22,12,1,True,False,False
L1445,S028,C020,video_watch,2024-02-16,20,23,1,True,False,False
L1446,S028,C020,assignment,2024-02-19,17,35,2,False,True,True
L1447,S028,C020,video_watch,2024-02-23,15,46,2,True,False,False
L1419,S028,C022,video_watch,2024-01-12,19,12,1,True,False,False
L1420,S028,C022,video_watch,2024-01-16,17,41,2,True,False,False
L1421,S028,C022,assignment,2024-01-18,15,71,3,False,True,True
L1422,S028,C022,quiz_attempt,2024-01-22,13,100,4,False,False,True
L1423,S028,C023,video_watch,2024-01-13,32,12,1,True,False,False
L1424,S028,C023,video_watch,2024-01-16,29,23,1,True,False,False
L1425,S028,C023,assignment,2024-01-20,26,35,2,False,True,True
L1426,S028,C023,quiz_attempt,2024-01-24,23,46,2,False,False,True
L1468,S028,C025,video_watch,2024-03-30,99,5,1,True,False,False
L1431,S028,C026,video_watch,2024-02-05,39,5,1,True,False,False
L1437,S028,C030,video_watch,2024-01-13,10,12,1,True,False,False
L1438,S028,C030,video_watch,2024-01-22,10,33,2,True,False,False
L1439,S028,C030,assignment,2024-02-07,10,54,3,False,True,True
L1440,S028,C030,quiz_attempt,2024-02-16,10,75,3,False,False,True
L1453,S028,C032,video_watch,2024-02-05,19,12,1,True,False,False
L1454,S028,C032,video_watch,2024-02-16,17,23,1,True,False,False
L1455,S028,C032,assignment,2024-02-27,15,34,2,False,True,True
L1456,S028,C032,quiz_attempt,2024-03-08,13,45,2,False,False,True
L1458,S028,C034,video_watch,2024-01-28,22,12,1,True,False,False
L1459,S028,C034,video_watch,2024-02-11,19,29,2,True,False,False
L1460,S028,C034,assignment,2024-03-01,17,45,2,False,True,True
L1461,S028,C034,quiz_attempt,2024-03-19,15,62,3,False,False,True
L1495,S029,C001,video_watch,2024-02-18,10,5,1,True,False,False
L1496,S029,C001,video_watch,2024-02-22,10,5,1,True,False,False
L1497,S029,C001,quiz_attempt,2024-02-26,10,5,1,False,False,True
L1491,S029,C003,video_watch,2024-02-12,13,12,1,True,False,False
L1492,S029,C003,video_watch,2024-02-17,11,29,2,True,False,False
L1493,S029,C003,assignment,2024-02-20,10,45,2,False,True,True
L1494,S029,C003,video_watch,2024-02-25,10,62,3,True,False,False
L1472,S029,C004,video_watch,2024-01-01,28,12,1,True,False,False
L1473,S029,C004,video_watch,2024-01-05,26,32,2,True,False,False
L1474,S029,C004,assignment,2024-01-11,23,51,3,False,True,True
L1475,S029,C004,quiz_attempt,2024-01-15,20,71,3,False,False,True
L1503,S029,C005,video_watch,2024-02-25,32,12,1,True,False,False
L1504,S029,C005,assignment,2024-03-09,27,18,1,False,True,True
L1505,S029,C005,quiz_attempt,2024-03-22,22,25,1,False,False,True
L1469,S029,C006,video_watch,2024-01-11,39,12,1,True,False,False
L1470,S029,C006,assignment,2024-01-12,33,18,1,False,True,True
L1471,S029,C006,quiz_attempt,2024-01-13,27,25,1,False,False,True
L1509,S029,C008,video_watch,2024-03-07,29,12,1,True,False,False
L1510,S029,C008,assignment,2024-03-16,25,18,1,False,True,True
L1511,S029,C008,quiz_attempt,2024-03-27,21,25,1,False,False,True
L1477,S029,C009,video_watch,2024-01-16,25,12,1,True,False,False
L1478,S029,C009,video_watch,2024-01-19,23,34,2,True,False,False
L1479,S029,C009,assignment,2024-01-22,20,55,3,False,True,True
L1480,S029,C009,quiz_attempt,2024-01-25,18,77,4,False,False,True
L1512,S029,C015,video_watch,2024-02-20,17,12,1,True,False,False
L1513,S029,C015,assignment,2024-03-09,15,18,1,False,True,True
L1514,S029,C015,quiz_attempt,2024-03-29,12,25,1,False,False,True
L1489,S029,C016,video_watch,2024-02-19,15,8,1,True,False,False
L1490,S029,C016,video_watch,2024-02-19,10,8,1,True,False,False
L1498,S029,C017,video_watch,2024-03-07,33,5,1,True,False,False
L1515,S029,C019,video_watch,2024-01-05,30,12,1,True,False,False
L1516,S029,C019,assignment,2024-02-13,25,18,1,False,True,True
L1517,S029,C019,quiz_attempt,2024-03-27,21,25,1,False,False,True
L1476,S029,C020,video_watch,2024-01-18,89,5,1,True,False,False
L1499,S029,C022,video_watch,2024-03-04,16,12,1,True,False,False
L1500,S029,C022,video_watch,2024-03-09,14,25,1,True,False,False
L1501,S029,C022,assignment,2024-03-12,13,39,2,False,True,True
L1502,S029,C022,video_watch,2024-03-16,11,52,3,True,False,False
L1485,S029,C024,video_watch,2024-02-08,10,12,1,True,False,False
L1486,S029,C024,video_watch,2024-02-12,10,23,1,True,False,False
L1487,S029,C024,assignment,2024-02-15,10,34,2,False,True,True
L1488,S029,C024,video_watch,2024-02-18,10,45,2,True,False,False
L1518,S029,C028,video_watch,2024-03-03,20,12,1,True,False,False
L1519,S029,C028,video_watch,2024-03-13,18,24,1,True,False,False
L1520,S029,C028,assignment,2024-03-22,16,36,2,False,True,True
L1521,S029,C028,quiz_attempt,2024-03-31,14,48,2,False,False,True
L1506,S029,C032,video_watch,2024-01-02,35,12,1,True,False,False
L1507,S029,C032,assignment,2024-02-10,29,18,1,False,True,True
L1508,S029,C032,quiz_attempt,2024-03-26,24,25,1,False,False,True
L1522,S029,C033,video_watch,2024-02-05,28,12,1,True,False,False
L1523,S029,C033,assignment,2024-03-06,23,18,1,False,True,True
L1524,S029,C033,quiz_attempt,2024-03-31,19,25,1,False,False,True
L1481,S029,C035,video_watch,2024-02-02,29,12,1,True,False,False
L1482,S029,C035,video_watch,2024-02-07,26,28,2,True,False,False
L1483,S029,C035,assignment,2024-02-10,23,44,2,False,True,True
L1484,S029,C035,video_watch,2024-02-15,20,60,3,True,False,False
L1558,S030,C001,video_watch,2024-01-17,11,12,1,True,False,False
L1559,S030,C001,assignment,2024-02-21,10,18,1,False,True,True
L1560,S030,C001,quiz_attempt,2024-03-14,10,25,1,False,False,True
L1567,S030,C002,video_watch,2024-03-15,18,12,1,True,False,False
L1568,S030,C002,video_watch,2024-03-18,16,28,2,True,False,False
L1569,S030,C002,assignment,2024-03-22,14,45,2,False,True,True
L1570,S030,C002,video_watch,2024-03-27,12,61,3,True,False,False
L1541,S030,C003,video_watch,2024-02-23,14,12,1,True,False,False
L1542,S030,C003,video_watch,2024-02-26,13,23,1,True,False,False
L1543,S030,C003,assignment,2024-03-01,11,34,2,False,True,True
L1544,S030,C003,video_watch,2024-03-04,10,45,2,True,False,False
L1527,S030,C004,video_watch,2024-01-22,16,12,1,True,False,False
L1528,S030,C004,video_watch,2024-01-26,15,41,2,True,False,False
L1529,S030,C004,assignment,2024-01-28,13,71,3,False,True,True
L1530,S030,C004,quiz_attempt,2024-02-01,11,100,4,False,False,True
L1535,S030,C005,video_watch,2024-02-11,91,5,1,True,False,False
L1540,S030,C006,video_watch,2024-02-19,62,5,1,True,False,False
L1573,S030,C007,video_watch,2024-03-20,33,12,1,True,False,False
L1574,S030,C007,assignment,2024-03-26,28,18,1,False,True,True
L1575,S030,C007,quiz_attempt,2024-03-31,23,25,1,False,False,True
L1561,S030,C008,video_watch,2024-01-07,25,12,1,True,False,False
L1562,S030,C008,assignment,2024-02-19,21,18,1,False,True,True
L1563,S030,C008,quiz_attempt,2024-03-24,17,25,1,False,False,True
L1536,S030,C010,video_watch,2024-01-25,24,12,1,True,False,False
L1537,S030,C010,video_watch,2024-02-02,21,24,1,True,False,False
L1538,S030,C010,assignment,2024-02-09,19,37,2,False,True,True
L1539,S030,C010,quiz_attempt,2024-02-17,17,49,2,False,False,True
L1545,S030,C014,video_watch,2024-02-21,10,12,1,True,False,False
L1546,S030,C014,video_watch,2024-02-26,10,23,1,True,False,False
L1547,S030,C014,assignment,2024-03-01,10,34,2,False,True,True
L1548,S030,C014,quiz_attempt,2024-03-05,10,45,2,False,False,True
L1553,S030,C018,video_watch,2024-02-13,22,12,1,True,False,False
L1554,S030,C018,video_watch,2024-02-18,20,23,1,True,False,False
L1555,S030,C018,assignment,2024-02-29,18,34,2,False,True,True
L1556,S030,C018,quiz_attempt,2024-03-08,15,45,2,False,False,True
L1526,S030,C020,video_watch,2024-01-27,88,5,1,True,False,False
L1549,S030,C023,video_watch,2024-02-22,26,12,1,True,False,False
L1550,S030,C023,video_watch,2024-02-26,24,35,2,True,False,False
L1551,S030,C023,assignment,2024-03-01,21,57,3,False,True,True
L1552,S030,C023,quiz_attempt,2024-03-07,18,80,4,False,False,True
L1525,S030,C026,video_watch,2024-01-23,56,5,1,True,False,False
L1571,S030,C029,video_watch,2024-03-28,23,5,1,True,False,False
L1564,S030,C030,video_watch,2024-03-24,36,12,1,True,False,False
L1565,S030,C030,assignment,2024-03-25,31,18,1,False,True,True
L1566,S030,C030,quiz_attempt,2024-03-26,25,25,1,False,False,True
L1531,S030,C031,video_watch,2024-01-24,15,12,1,True,False,False
L1532,S030,C031,video_watch,2024-01-27,13,23,1,True,False,False
L1533,S030,C031,assignment,2024-01-31,12,35,2,False,True,True
L1534,S030,C031,quiz_attempt,2024-02-02,10,46,2,False,False,True
L1572,S030,C032,video_watch,2024-03-28,31,5,1,True,False,False
L1557,S030,C035,video_watch,2024-03-09,77,5,1,True,False,False
L1584,S031,C002,video_watch,2024-01-08,54,5,1,True,False,False
L1580,S031,C006,video_watch,2024-01-01,14,12,1,True,False,False
L1581,S031,C006,video_watch,2024-01-02,13,27,2,True,False,False
L1582,S031,C006,assignment,2024-01-04,11,41,2,False,True,True
L1583,S031,C006,quiz_attempt,2024-01-05,10,56,3,False,False,True
L1585,S031,C007,video_watch,2024-01-15,61,5,1,True,False,False
L1624,S031,C009,video_watch,2024-02-27,27,12,1,True,False,False
L1625,S031,C009,video_watch,2024-03-04,24,24,1,True,False,False
L1626,S031,C009,assignment,2024-03-11,21,36,2,False,True,True
L1627,S031,C009,quiz_attempt,2024-03-18,19,48,2,False,False,True
L1576,S031,C010,video_watch,2024-01-01,19,12,1,True,False,False
L1577,S031,C010,video_watch,2024-01-02,17,23,1,True,False,False
L1578,S031,C010,assignment,2024-01-02,16,34,2,False,True,True
L1579,S031,C010,quiz_attempt,2024-01-03,14,45,2,False,False,True
L1636,S031,C011,video_watch,2024-03-05,12,12,1,True,False,False
L1637,S031,C011,video_watch,2024-03-12,11,27,2,True,False,False
L1638,S031,C011,assignment,2024-03-19,10,41,2,False,True,True
L1639,S031,C011,quiz_attempt,2024-03-26,10,56,3,False,False,True
L1609,S031,C012,video_watch,2024-02-17,28,12,1,True,False,False
L1610,S031,C012,video_watch,2024-02-20,25,25,1,True,False,False
L1611,S031,C012,assignment,2024-02-25,23,39,2,False,True,True
L1612,S031,C012,quiz_attempt,2024-02-29,20,52,3,False,False,True
L1594,S031,C014,video_watch,2024-01-13,12,12,1,True,False,False
L1595,S031,C014,video_watch,2024-01-18,11,28,2,True,False,False
L1596,S031,C014,assignment,2024-01-22,10,45,2,False,True,True
L1597,S031,C014,video_watch,2024-01-26,10,61,3,True,False,False
L1598,S031,C015,video_watch,2024-01-30,29,12,1,True,False,False
L1599,S031,C015,video_watch,2024-02-02,26,23,1,True,False,False
L1600,S031,C015,assignment,2024-02-05,24,34,2,False,True,True
L1601,S031,C015,video_watch,2024-02-09,21,45,2,True,False,False
L1640,S031,C016,video_watch,2024-03-12,20,12,1,True,False,False
L1641,S031,C016,video_watch,2024-03-18,18,32,2,True,False,False
L1642,S031,C016,assignment,2024-03-22,16,53,3,False,True,True
L1643,S031,C016,quiz_attempt,2024-03-26,14,73,3,False,False,True
L1616,S031,C019,video_watch,2024-03-04,28,12,1,True,False,False
L1617,S031,C019,video_watch,2024-03-08,25,23,1,True,False,False
L1618,S031,C019,assignment,2024-03-11,22,35,2,False,True,True
L1619,S031,C019,video_watch,2024-03-15,19,46,2,True,False,False
L1586,S031,C020,video_watch,2024-01-10,21,12,1,True,False,False
L1587,S031,C020,video_watch,2024-01-13,19,41,2,True,False,False
L1588,S031,C020,assignment,2024-01-16,16,71,3,False,True,True
L1589,S031,C020,quiz_attempt,2024-01-20,14,100,4,False,False,True
L1590,S031,C021,video_watch,2024-01-11,22,12,1,True,False,False
L1591,S031,C021,video_watch,2024-01-15,20,26,2,True,False,False
L1592,S031,C021,assignment,2024-01-18,18,39,2,False,True,True
L1593,S031,C021,quiz_attempt,2024-01-22,15,53,3,False,False,True
L1602,S031,C023,video_watch,2024-01-27,22,12,1,True,False,False
L1603,S031,C023,video_watch,2024-02-01,20,33,2,True,False,False
L1604,S031,C023,assignment,2024-02-05,18,54,3,False,True,True
L1605,S031,C023,video_watch,2024-02-09,15,75,3,True,False,False
L1613,S031,C025,video_watch,2024-02-04,31,12,1,True,False,False
L1614,S031,C025,assignment,2024-02-22,27,18,1,False,True,True
L1615,S031,C025,quiz_attempt,2024-03-09,22,25,1,False,False,True
L1606,S031,C027,video_watch,2024-01-25,31,12,1,True,False,False
L1607,S031,C027,assignment,2024-02-11,26,18,1,False,True,True
L1608,S031,C027,quiz_attempt,2024-02-25,22,25,1,False,False,True
L1620,S031,C030,video_watch,2024-03-07,23,12,1,True,False,False
L1621,S031,C030,video_watch,2024-03-10,21,23,1,True,False,False
L1622,S031,C030,assignment,2024-03-15,18,34,2,False,True,True
L1623,S031,C030,quiz_attempt,2024-03-18,16,45,2,False,False,True
L1632,S031,C033,video_watch,2024-01-29,10,12,1,True,False,False
L1633,S031,C033,video_watch,2024-02-18,10,32,2,True,False,False
L1634,S031,C033,assignment,2024-03-08,10,53,3,False,True,True
L1635,S031,C033,quiz_attempt,2024-03-22,10,73,3,False,False,True
L1644,S031,C034,video_watch,2024-03-23,27,12,1,True,False,False
L1645,S031,C034,video_watch,2024-03-25,24,23,1,True,False,False
L1646,S031,C034,assignment,2024-03-28,21,34,2,False,True,True
L1647,S031,C034,video_watch,2024-03-30,19,45,2,True,False,False
L1628,S031,C035,video_watch,2024-01-22,10,12,1,True,False,False
L1629,S031,C035,video_watch,2024-02-03,10,23,1,True,False,False
L1630,S031,C035,assignment,2024-02-28,10,34,2,False,True,True
L1631,S031,C035,quiz_attempt,2024-03-16,10,45,2,False,False,True
L1657,S032,C001,video_watch,2024-02-26,36,5,1,True,False,False
L1648,S032,C002,video_watch,2024-01-15,40,5,1,True,False,False
L1673,S032,C003,video_watch,2024-03-22,86,5,1,True,False,False
L1675,S032,C006,video_watch,2024-03-09,26,12,1,True,False,False
L1676,S032,C006,assignment,2024-03-20,22,18,1,False,True,True
L1677,S032,C006,quiz_attempt,2024-03-29,18,25,1,False,False,True
L1658,S032,C008,video_watch,2024-02-20,14,12,1,True,False,False
L1659,S032,C008,video_watch,2024-02-25,12,12,1,True,False,False
L1660,S032,C008,quiz_attempt,2024-02-28,10,12,1,False,False,True
L1653,S032,C010,video_watch,2024-02-07,12,12,1,True,False,False
L1654,S032,C010,video_watch,2024-02-12,11,23,1,True,False,False
L1655,S032,C010,assignment,2024-02-17,10,34,2,False,True,True
L1656,S032,C010,quiz_attempt,2024-02-20,10,45,2,False,False,True
L1674,S032,C011,video_watch,2024-03-27,72,5,1,True,False,False
L1681,S032,C013,video_watch,2024-03-07,19,12,1,True,False,False
L1682,S032,C013,video_watch,2024-03-13,17,23,1,True,False,False
L1683,S032,C013,assignment,2024-03-21,15,34,2,False,True,True
L1684,S032,C013,quiz_attempt,2024-03-30,13,45,2,False,False,True
L1649,S032,C015,video_watch,2024-01-20,15,12,1,True,False,False
L1650,S032,C015,assignment,2024-01-22,12,18,1,False,True,True
L1651,S032,C015,quiz_attempt,2024-01-23,10,25,1,False,False,True
L1661,S032,C020,video_watch,2024-02-15,14,12,1,True,False,False
L1662,S032,C020,video_watch,2024-02-20,13,32,2,True,False,False
L1663,S032,C020,assignment,2024-02-25,11,52,3,False,True,True
L1664,S032,C020,video_watch,2024-02-29,10,72,3,True,False,False
L1652,S032,C023,video_watch,2024-02-04,34,5,1,True,False,False
L1678,S032,C024,video_watch,2024-03-10,21,12,1,True,False,False
L1679,S032,C024,assignment,2024-03-19,18,18,1,False,True,True
L1680,S032,C024,quiz_attempt,2024-03-28,15,25,1,False,False,True
L1669,S032,C030,video_watch,2024-03-06,10,12,1,True,False,False
L1670,S032,C030,video_watch,2024-03-09,10,23,1,True,False,False
L1671,S032,C030,assignment,2024-03-13,10,34,2,False,True,True
L1672,S032,C030,video_watch,2024-03-16,10,45,2,True,False,False
L1665,S032,C035,video_watch,2024-02-17,18,12,1,True,False,False
L1666,S032,C035,video_watch,2024-02-21,17,23,1,True,False,False
L1667,S032,C035,assignment,2024-02-26,15,34,2,False,True,True
L1668,S032,C035,quiz_attempt,2024-03-02,13,45,2,False,False,True
L1694,S033,C002,video_watch,2024-01-11,17,12,1,True,False,False
L1695,S033,C002,assignment,2024-01-22,15,18,1,False,True,True
L1696,S033,C002,quiz_attempt,2024-01-30,12,25,1,False,False,True
L1686,S033,C004,video_watch,2024-01-15,19,12,1,True,False,False
L1687,S033,C004,video_watch,2024-01-19,17,41,2,True,False,False
L1688,S033,C004,assignment,2024-01-23,15,71,3,False,True,True
L1689,S033,C004,quiz_attempt,2024-01-25,13,100,4,False,False,True
L1690,S033,C005,video_watch,2024-01-17,21,12,1,True,False,False
L1691,S033,C005,video_watch,2024-01-20,19,23,1,True,False,False
L1692,S033,C005,assignment,2024-01-24,16,34,2,False,True,True
L1693,S033,C005,quiz_attempt,2024-01-28,14,45,2,False,False,True
L1712,S033,C006,video_watch,2024-03-04,32,12,1,True,False,False
L1713,S033,C006,assignment,2024-03-06,27,18,1,False,True,True
L1714,S033,C006,quiz_attempt,2024-03-07,23,25,1,False,False,True
L1729,S033,C007,video_watch,2024-01-15,10,12,1,True,False,False
L1730,S033,C007,assignment,2024-02-15,10,18,1,False,True,True
L1731,S033,C007,quiz_attempt,2024-03-26,10,25,1,False,False,True
L1722,S033,C011,video_watch,2024-02-25,28,12,1,True,False,False
L1723,S033,C011,video_watch,2024-03-04,25,26,2,True,False,False
L1724,S033,C011,assignment,2024-03-11,22,39,2,False,True,True
L1725,S033,C011,quiz_attempt,2024-03-18,19,53,3,False,False,True
L1715,S033,C012,video_watch,2024-01-18,21,12,1,True,False,False
L1716,S033,C012,assignment,2024-02-14,18,18,1,False,True,True
L1717,S033,C012,quiz_attempt,2024-03-07,15,25,1,False,False,True
L1702,S033,C014,video_watch,2024-02-11,76,5,1,True,False,False
L1732,S033,C016,video_watch,2024-03-04,10,12,1,True,False,False
L1733,S033,C016,assignment,2024-03-18,10,18,1,False,True,True
L1734,S033,C016,quiz_attempt,2024-03-30,10,25,1,False,False,True
L1697,S033,C017,video_watch,2024-01-18,10,12,1,True,False,False
L1698,S033,C017,video_watch,2024-01-22,10,30,2,True,False,False
L1699,S033,C017,assignment,2024-01-27,10,48,2,False,True,True
L1700,S033,C017,quiz_attempt,2024-01-30,10,66,3,False,False,True
L1706,S033,C021,video_watch,2024-01-15,10,12,1,True,False,False
L1707,S033,C021,video_watch,2024-01-28,10,23,1,True,False,False
L1708,S033,C021,assignment,2024-02-15,10,34,2,False,True,True
L1709,S033,C021,quiz_attempt,2024-03-01,10,45,2,False,False,True
L1685,S033,C024,video_watch,2024-01-13,55,5,1,True,False,False
L1703,S033,C026,video_watch,2024-02-15,96,5,1,True,False,False
L1726,S033,C027,video_watch,2024-03-02,15,12,1,True,False,False
L1727,S033,C027,assignment,2024-03-14,12,18,1,False,True,True
L1728,S033,C027,quiz_attempt,2024-03-25,10,25,1,False,False,True
L1701,S033,C028,video_watch,2024-02-05,70,5,1,True,False,False
L1704,S033,C029,video_watch,2024-02-15,61,5,1,True,False,False
L1710,S033,C030,video_watch,2024-03-04,86,5,1,True,False,False
L1718,S033,C032,video_watch,2024-03-04,26,12,1,True,False,False
L1719,S033,C032,video_watch,2024-03-10,23,29,2,True,False,False
L1720,S033,C032,assignment,2024-03-13,21,46,2,False,True,True
L1721,S033,C032,quiz_attempt,2024-03-17,18,63,3,False,False,True
L1711,S033,C033,video_watch,2024-03-06,48,5,1,True,False,False
L1705,S033,C035,video_watch,2024-02-15,68,5,1,True,False,False
L1784,S034,C001,video_watch,2024-02-23,35,12,1,True,False,False
L1785,S034,C001,assignment,2024-03-08,30,18,1,False,True,True
L1786,S034,C001,quiz_attempt,2024-03-26,25,25,1,False,False,True
L1760,S034,C006,video_watch,2024-01-06,10,12,1,True,False,False
L1761,S034,C006,video_watch,2024-01-23,10,27,2,True,False,False
L1762,S034,C006,assignment,2024-02-06,10,41,2,False,True,True
L1763,S034,C006,quiz_attempt,2024-02-22,10,56,3,False,False,True
L1735,S034,C008,video_watch,2024-01-25,18,12,1,True,False,False
L1736,S034,C008,video_watch,2024-01-28,15,16,1,True,False,False
L1737,S034,C008,quiz_attempt,2024-02-01,12,20,1,False,False,True
L1767,S034,C009,video_watch,2024-02-15,12,12,1,True,False,False
L1768,S034,C009,video_watch,2024-02-20,11,23,1,True,False,False
L1769,S034,C009,assignment,2024-02-24,10,34,2,False,True,True
L1770,S034,C009,quiz_attempt,2024-02-29,10,45,2,False,False,True
L1775,S034,C010,video_watch,2024-03-12,24,12,1,True,False,False
L1776,S034,C010,assignment,2024-03-13,20,18,1,False,True,True
L1777,S034,C010,quiz_attempt,2024-03-15,17,25,1,False,False,True
L1771,S034,C012,video_watch,2024-02-23,10,12,1,True,False,False
L1772,S034,C012,video_watch,2024-02-27,10,23,1,True,False,False
L1773,S034,C012,assignment,2024-03-01,10,34,2,False,True,True
L1774,S034,C012,video_watch,2024-03-03,10,45,2,True,False,False
L1781,S034,C013,video_watch,2024-03-21,16,12,1,True,False,False
L1782,S034,C013,assignment,2024-03-22,14,18,1,False,True,True
L1783,S034,C013,quiz_attempt,2024-03-24,12,25,1,False,False,True
L1764,S034,C014,video_watch,2024-01-09,10,12,1,True,False,False
L1765,S034,C014,assignment,2024-02-02,10,18,1,False,True,True
L1766,S034,C014,quiz_attempt,2024-02-23,10,25,1,False,False,True
L1751,S034,C018,video_watch,2024-01-22,11,12,1,True,False,False
L1752,S034,C018,video_watch,2024-01-30,10,33,2,True,False,False
L1753,S034,C018,assignment,2024-02-05,10,55,3,False,True,True
L1754,S034,C018,quiz_attempt,2024-02-14,10,76,4,False,False,True
L1778,S034,C019,video_watch,2024-02-15,33,12,1,True,False,False
L1779,S034,C019,assignment,2024-03-07,28,18,1,False,True,True
L1780,S034,C019,quiz_attempt,2024-03-22,23,25,1,False,False,True
L1748,S034,C020,video_watch,2024-01-22,20,12,1,True,False,False
L1749,S034,C020,assignment,2024-01-29,17,18,1,False,True,True
L1750,S034,C020,quiz_attempt,2024-02-04,14,25,1,False,False,True
L1741,S034,C022,video_watch,2024-01-23,10,12,1,True,False,False
L1742,S034,C022,video_watch,2024-01-26,10,23,1,True,False,False
L1743,S034,C022,assignment,2024-01-31,10,34,2,False,True,True
L1744,S034,C022,video_watch,2024-02-03,10,45,2,True,False,False
L1745,S034,C026,video_watch,2024-01-26,20,12,1,True,False,False
L1746,S034,C026,video_watch,2024-01-30,17,15,1,True,False,False
L1747,S034,C026,quiz_attempt,2024-02-03,14,18,1,False,False,True
L1738,S034,C028,video_watch,2024-01-24,18,12,1,True,False,False
L1739,S034,C028,assignment,2024-01-28,15,18,1,False,True,True
L1740,S034,C028,quiz_attempt,2024-02-02,12,25,1,False,False,True
L1755,S034,C032,video_watch,2024-02-17,29,5,1,True,False,False
L1756,S034,C033,video_watch,2024-01-18,12,12,1,True,False,False
L1757,S034,C033,video_watch,2024-01-27,11,28,2,True,False,False
L1758,S034,C033,assignment,2024-02-10,10,44,2,False,True,True
L1759,S034,C033,quiz_attempt,2024-02-18,10,60,3,False,False,True
L1818,S035,C001,video_watch,2024-03-13,78,5,1,True,False,False
L1807,S035,C002,video_watch,2024-02-10,22,12,1,True,False,False
L1808,S035,C002,video_watch,2024-02-15,20,27,2,True,False,False
L1809,S035,C002,assignment,2024-02-23,18,42,2,False,True,True
L1810,S035,C002,quiz_attempt,2024-03-01,16,57,3,False,False,True
L1832,S035,C003,video_watch,2024-03-26,27,5,1,True,False,False
L1802,S035,C006,video_watch,2024-02-23,32,5,1,True,False,False
L1825,S035,C007,video_watch,2024-02-24,34,12,1,True,False,False
L1826,S035,C007,assignment,2024-03-05,29,18,1,False,True,True
L1827,S035,C007,quiz_attempt,2024-03-18,24,25,1,False,False,True
L1833,S035,C010,video_watch,2024-03-14,24,12,1,True,False,False
L1834,S035,C010,video_watch,2024-03-18,22,28,2,True,False,False
L1835,S035,C010,assignment,2024-03-22,19,44,2,False,True,True
L1836,S035,C010,video_watch,2024-03-27,17,60,3,True,False,False
L1803,S035,C011,video_watch,2024-02-16,29,12,1,True,False,False
L1804,S035,C011,video_watch,2024-02-20,26,25,1,True,False,False
L1805,S035,C011,assignment,2024-02-24,23,39,2,False,True,True
L1806,S035,C011,video_watch,2024-02-28,20,52,3,True,False,False
L1790,S035,C013,video_watch,2024-01-12,22,12,1,True,False,False
L1791,S035,C013,video_watch,2024-01-16,20,41,2,True,False,False
L1792,S035,C013,assignment,2024-01-19,18,71,3,False,True,True
L1793,S035,C013,quiz_attempt,2024-01-22,15,100,4,False,False,True
L1828,S035,C016,video_watch,2024-01-20,10,12,1,True,False,False
L1829,S035,C016,video_watch,2024-02-09,10,23,1,True,False,False
L1830,S035,C016,assignment,2024-03-05,10,34,2,False,True,True
L1831,S035,C016,quiz_attempt,2024-03-22,10,45,2,False,False,True
L1798,S035,C018,video_watch,2024-01-18,15,12,1,True,False,False
L1799,S035,C018,video_watch,2024-01-21,13,29,2,True,False,False
L1800,S035,C018,assignment,2024-01-26,12,47,2,False,True,True
L1801,S035,C018,video_watch,2024-01-29,10,64,3,True,False,False
L1811,S035,C020,video_watch,2024-02-18,19,12,1,True,False,False
L1812,S035,C020,assignment,2024-02-25,16,18,1,False,True,True
L1813,S035,C020,quiz_attempt,2024-03-01,13,25,1,False,False,True
L1787,S035,C023,video_watch,2024-01-04,30,12,1,True,False,False
L1788,S035,C023,assignment,2024-01-07,26,18,1,False,True,True
L1789,S035,C023,quiz_attempt,2024-01-09,21,25,1,False,False,True
L1815,S035,C028,video_watch,2024-01-08,30,12,1,True,False,False
L1816,S035,C028,assignment,2024-02-08,26,18,1,False,True,True
L1817,S035,C028,quiz_attempt,2024-03-04,21,25,1,False,False,True
L1822,S035,C029,video_watch,2024-02-09,11,12,1,True,False,False
L1823,S035,C029,assignment,2024-02-26,10,18,1,False,True,True
L1824,S035,C029,quiz_attempt,2024-03-16,10,25,1,False,False,True
L1794,S035,C030,video_watch,2024-01-14,18,12,1,True,False,False
L1795,S035,C030,video_watch,2024-01-16,16,26,2,True,False,False
L1796,S035,C030,assignment,2024-01-21,14,39,2,False,True,True
L1797,S035,C030,quiz_attempt,2024-01-24,12,53,3,False,False,True
L1814,S035,C031,video_watch,2024-03-01,48,5,1,True,False,False
L1819,S035,C032,video_watch,2024-02-09,31,12,1,True,False,False
L1820,S035,C032,assignment,2024-02-27,26,18,1,False,True,True
L1821,S035,C032,quiz_attempt,2024-03-15,22,25,1,False,False,True
L1868,S036,C001,video_watch,2024-02-22,12,8,1,True,False,False
L1869,S036,C001,video_watch,2024-02-26,10,8,1,True,False,False
L1870,S036,C001,quiz_attempt,2024-03-01,10,8,1,False,False,True
L1840,S036,C003,video_watch,2024-01-05,20,12,1,True,False,False
L1841,S036,C003,video_watch,2024-01-09,18,32,2,True,False,False
L1842,S036,C003,assignment,2024-01-15,16,53,3,False,True,True
L1843,S036,C003,video_watch,2024-01-19,14,73,3,True,False,False
L1845,S036,C004,video_watch,2024-01-10,24,12,1,True,False,False
L1846,S036,C004,video_watch,2024-01-14,22,32,2,True,False,False
L1847,S036,C004,assignment,2024-01-20,19,53,3,False,True,True
L1848,S036,C004,video_watch,2024-01-23,17,73,3,True,False,False
L1887,S036,C007,video_watch,2024-02-23,33,12,1,True,False,False
L1888,S036,C007,assignment,2024-03-12,28,18,1,False,True,True
L1889,S036,C007,quiz_attempt,2024-03-31,23,25,1,False,False,True
L1874,S036,C009,video_watch,2024-01-05,15,12,1,True,False,False
L1875,S036,C009,video_watch,2024-01-27,14,32,2,True,False,False
L1876,S036,C009,assignment,2024-02-14,12,53,3,False,True,True
L1877,S036,C009,quiz_attempt,2024-03-04,11,73,3,False,False,True
L1884,S036,C010,video_watch,2024-02-27,10,12,1,True,False,False
L1885,S036,C010,assignment,2024-03-11,10,18,1,False,True,True
L1886,S036,C010,quiz_attempt,2024-03-26,10,25,1,False,False,True
L1837,S036,C011,video_watch,2024-01-09,56,5,1,True,False,False
L1854,S036,C012,video_watch,2024-01-29,19,12,1,True,False,False
L1855,S036,C012,video_watch,2024-02-03,17,29,2,True,False,False
L1856,S036,C012,assignment,2024-02-06,15,45,2,False,True,True
L1857,S036,C012,video_watch,2024-02-11,13,62,3,True,False,False
L1838,S036,C013,video_watch,2024-01-12,47,5,1,True,False,False
L1853,S036,C014,video_watch,2024-02-05,99,5,1,True,False,False
L1839,S036,C015,video_watch,2024-01-18,48,5,1,True,False,False
L1871,S036,C016,video_watch,2024-02-13,31,12,1,True,False,False
L1872,S036,C016,assignment,2024-02-23,26,18,1,False,True,True
L1873,S036,C016,quiz_attempt,2024-03-03,22,25,1,False,False,True
L1849,S036,C018,video_watch,2024-01-11,18,12,1,True,False,False
L1850,S036,C018,video_watch,2024-01-14,16,33,2,True,False,False
L1851,S036,C018,assignment,2024-01-19,14,54,3,False,True,True
L1852,S036,C018,video_watch,2024-01-24,13,75,3,True,False,False
L1844,S036,C020,video_watch,2024-01-21,63,5,1,True,False,False
L1890,S036,C022,video_watch,2024-03-23,21,12,1,True,False,False
L1891,S036,C022,video_watch,2024-03-25,19,34,2,True,False,False
L1892,S036,C022,assignment,2024-03-29,16,56,3,False,True,True
L1893,S036,C022,video_watch,2024-03-30,14,78,4,True,False,False
L1878,S036,C023,video_watch,2024-03-09,35,5,1,True,False,False
L1879,S036,C025,video_watch,2024-03-04,10,12,1,True,False,False
L1880,S036,C025,video_watch,2024-03-08,10,27,2,True,False,False
L1881,S036,C025,assignment,2024-03-12,10,41,2,False,True,True
L1882,S036,C025,video_watch,2024-03-16,10,56,3,True,False,False
L1858,S036,C026,video_watch,2024-02-01,10,12,1,True,False,False
L1859,S036,C026,video_watch,2024-02-04,10,23,1,True,False,False
L1860,S036,C026,assignment,2024-02-08,10,34,2,False,True,True
L1861,S036,C026,quiz_attempt,2024-02-12,10,45,2,False,False,True
L1865,S036,C027,video_watch,2024-02-20,83,5,1,True,False,False
L1883,S036,C028,video_watch,2024-03-24,21,5,1,True,False,False
L1866,S036,C029,video_watch,2024-02-23,15,12,1,True,False,False
L1867,S036,C029,video_watch,2024-02-23,10,15,1,True,False,False
L1862,S036,C032,video_watch,2024-01-12,33,12,1,True,False,False
L1863,S036,C032,assignment,2024-01-29,28,18,1,False,True,True
L1864,S036,C032,quiz_attempt,2024-02-15,23,25,1,False,False,True
L1899,S037,C001,video_watch,2024-01-30,16,12,1,True,False,False
L1900,S037,C001,video_watch,2024-02-02,15,41,2,True,False,False
L1901,S037,C001,assignment,2024-02-05,13,71,3,False,True,True
L1902,S037,C001,quiz_attempt,2024-02-08,11,100,4,False,False,True
L1916,S037,C002,video_watch,2024-01-16,28,12,1,True,False,False
L1917,S037,C002,video_watch,2024-01-29,25,26,2,True,False,False
L1918,S037,C002,assignment,2024-02-13,23,41,2,False,True,True
L1919,S037,C002,quiz_attempt,2024-02-24,20,55,3,False,False,True
L1915,S037,C003,video_watch,2024-02-23,27,5,1,True,False,False
L1894,S037,C004,video_watch,2024-01-31,71,5,1,True,False,False
L1935,S037,C005,video_watch,2024-03-11,10,12,1,True,False,False
L1936,S037,C005,video_watch,2024-03-16,10,31,2,True,False,False
L1937,S037,C005,assignment,2024-03-20,10,51,3,False,True,True
L1938,S037,C005,video_watch,2024-03-25,10,70,3,True,False,False
L1926,S037,C011,video_watch,2024-02-01,39,12,1,True,False,False
L1927,S037,C011,assignment,2024-02-26,33,18,1,False,True,True
L1928,S037,C011,quiz_attempt,2024-03-17,27,25,1,False,False,True
L1922,S037,C013,video_watch,2024-03-16,58,5,1,True,False,False
L1929,S037,C015,video_watch,2024-03-06,12,12,1,True,False,False
L1930,S037,C015,assignment,2024-03-14,10,18,1,False,True,True
L1931,S037,C015,quiz_attempt,2024-03-20,10,25,1,False,False,True
L1923,S037,C016,video_watch,2024-02-06,10,12,1,True,False,False
L1924,S037,C016,assignment,2024-02-24,10,18,1,False,True,True
L1925,S037,C016,quiz_attempt,2024-03-16,10,25,1,False,False,True
L1921,S037,C017,video_watch,2024-03-08,90,5,1,True,False,False
L1911,S037,C018,video_watch,2024-01-31,20,12,1,True,False,False
L1912,S037,C018,video_watch,2024-02-05,17,17,1,True,False,False
L1913,S037,C018,quiz_attempt,2024-02-10,14,22,1,False,False,True
L1895,S037,C021,video_watch,2024-01-31,24,5,1,True,False,False
L1939,S037,C022,video_watch,2024-03-12,24,12,1,True,False,False
L1940,S037,C022,assignment,2024-03-19,20,18,1,False,True,True
L1941,S037,C022,quiz_attempt,2024-03-24,17,25,1,False,False,True
L1907,S037,C025,video_watch,2024-01-21,26,12,1,True,False,False
L1908,S037,C025,video_watch,2024-01-28,23,27,2,True,False,False
L1909,S037,C025,assignment,2024-02-03,21,41,2,False,True,True
L1910,S037,C025,quiz_attempt,2024-02-09,18,56,3,False,False,True
L1920,S037,C026,video_watch,2024-03-07,61,5,1,True,False,False
L1932,S037,C027,video_watch,2024-03-03,19,12,1,True,False,False
L1933,S037,C027,assignment,2024-03-13,16,18,1,False,True,True
L1934,S037,C027,quiz_attempt,2024-03-23,13,25,1,False,False,True
L1903,S037,C028,video_watch,2024-01-29,10,12,1,True,False,False
L1904,S037,C028,video_watch,2024-02-01,10,24,1,True,False,False
L1905,S037,C028,assignment,2024-02-05,10,37,2,False,True,True
L1906,S037,C028,video_watch,2024-02-07,10,49,2,True,False,False
L1896,S037,C030,video_watch,2024-01-06,28,12,1,True,False,False
L1897,S037,C030,assignment,2024-01-18,24,18,1,False,True,True
L1898,S037,C030,quiz_attempt,2024-01-31,20,25,1,False,False,True
L1914,S037,C035,video_watch,2024-02-21,58,5,1,True,False,False
L1982,S038,C001,video_watch,2024-01-28,35,12,1,True,False,False
L1983,S038,C001,assignment,2024-02-15,30,18,1,False,True,True
L1984,S038,C001,quiz_attempt,2024-03-02,25,25,1,False,False,True
L1997,S038,C002,video_watch,2024-03-15,10,12,1,True,False,False
L1998,S038,C002,video_watch,2024-03-19,10,24,1,True,False,False
L1999,S038,C002,assignment,2024-03-25,10,35,2,False,True,True
L2000,S038,C002,quiz_attempt,2024-03-29,10,47,2,False,False,True
L1973,S038,C004,video_watch,2024-02-21,79,5,1,True,False,False
L1986,S038,C005,video_watch,2024-03-06,89,5,1,True,False,False
L1990,S038,C008,video_watch,2024-03-06,13,12,1,True,False,False
L1991,S038,C008,video_watch,2024-03-10,11,25,1,True,False,False
L1992,S038,C008,assignment,2024-03-13,10,38,2,False,True,True
L1993,S038,C008,video_watch,2024-03-18,10,51,3,True,False,False
L1942,S038,C011,video_watch,2024-01-02,45,5,1,True,False,False
L1972,S038,C013,video_watch,2024-02-07,59,5,1,True,False,False
L1956,S038,C015,video_watch,2024-01-09,13,12,1,True,False,False
L1957,S038,C015,video_watch,2024-01-13,12,41,2,True,False,False
L1958,S038,C015,assignment,2024-01-17,11,71,3,False,True,True
L1959,S038,C015,quiz_attempt,2024-01-22,10,100,4,False,False,True
L1974,S038,C017,video_watch,2024-01-14,10,12,1,True,False,False
L1975,S038,C017,video_watch,2024-01-24,10,27,2,True,False,False
L1976,S038,C017,assignment,2024-02-09,10,43,2,False,True,True
L1977,S038,C017,quiz_attempt,2024-02-22,10,58,3,False,False,True
L1947,S038,C018,video_watch,2024-01-06,12,12,1,True,False,False
L1948,S038,C018,video_watch,2024-01-10,10,23,1,True,False,False
L1949,S038,C018,assignment,2024-01-13,10,34,2,False,True,True
L1950,S038,C018,video_watch,2024-01-16,10,45,2,True,False,False
L1943,S038,C021,video_watch,2024-01-03,19,12,1,True,False,False
L1944,S038,C021,video_watch,2024-01-06,17,23,1,True,False,False
L1945,S038,C021,assignment,2024-01-11,15,34,2,False,True,True
L1946,S038,C021,video_watch,2024-01-14,13,45,2,True,False,False
L1968,S038,C023,video_watch,2024-01-25,14,12,1,True,False,False
L1969,S038,C023,video_watch,2024-01-28,13,29,2,True,False,False
L1970,S038,C023,assignment,2024-02-02,11,46,2,False,True,True
L1971,S038,C023,video_watch,2024-02-06,10,63,3,True,False,False
L1994,S038,C025,video_watch,2024-02-24,16,12,1,True,False,False
L1995,S038,C025,assignment,2024-03-09,13,18,1,False,True,True
L1996,S038,C025,quiz_attempt,2024-03-27,11,25,1,False,False,True
L1951,S038,C027,video_watch,2024-01-08,18,12,1,True,False,False
L1952,S038,C027,video_watch,2024-01-11,16,41,2,True,False,False
L1953,S038,C027,assignment,2024-01-16,14,71,3,False,True,True
L1954,S038,C027,quiz_attempt,2024-01-20,12,100,4,False,False,True
L1964,S038,C028,video_watch,2024-01-23,23,12,1,True,False,False
L1965,S038,C028,video_watch,2024-01-26,21,23,1,True,False,False
L1966,S038,C028,assignment,2024-01-31,18,34,2,False,True,True
L1967,S038,C028,video_watch,2024-02-02,16,45,2,True,False,False
L1955,S038,C030,video_watch,2024-01-21,99,5,1,True,False,False
L1960,S038,C031,video_watch,2024-01-18,27,12,1,True,False,False
L1961,S038,C031,video_watch,2024-01-22,25,34,2,True,False,False
L1962,S038,C031,assignment,2024-01-28,22,55,3,False,True,True
L1963,S038,C031,video_watch,2024-02-01,19,77,4,True,False,False
L1987,S038,C032,video_watch,2024-02-16,11,12,1,True,False,False
L1988,S038,C032,assignment,2024-02-25,10,18,1,False,True,True
L1989,S038,C032,quiz_attempt,2024-03-06,10,25,1,False,False,True
L1985,S038,C034,video_watch,2024-03-02,52,5,1,True,False,False
L1978,S038,C035,video_watch,2024-02-15,27,12,1,True,False,False
L1979,S038,C035,video_watch,2024-02-20,24,35,2,True,False,False
L1980,S038,C035,assignment,2024-02-23,21,57,3,False,True,True
L1981,S038,C035,video_watch,2024-02-29,19,80,4,True,False,False
L2021,S039,C001,video_watch,2024-02-25,14,10,1,True,False,False
L2022,S039,C001,video_watch,2024-02-29,12,10,1,True,False,False
L2023,S039,C001,quiz_attempt,2024-03-03,10,10,1,False,False,True
L2005,S039,C002,video_watch,2024-01-30,83,5,1,True,False,False
L2003,S039,C003,video_watch,2024-01-24,93,5,1,True,False,False
L2039,S039,C004,video_watch,2024-03-19,17,12,1,True,False,False
L2040,S039,C004,video_watch,2024-03-23,16,33,2,True,False,False
L2041,S039,C004,assignment,2024-03-27,14,55,3,False,True,True
L2042,S039,C004,quiz_attempt,2024-03-31,12,76,4,False,False,True
L2002,S039,C007,video_watch,2024-01-18,48,5,1,True,False,False
L2033,S039,C009,video_watch,2024-03-19,12,12,1,True,False,False
L2034,S039,C009,assignment,2024-03-24,10,18,1,False,True,True
L2035,S039,C009,quiz_attempt,2024-03-29,10,25,1,False,False,True
L2001,S039,C011,video_watch,2024-01-14,73,5,1,True,False,False
L2004,S039,C012,video_watch,2024-01-24,78,5,1,True,False,False
L2026,S039,C016,video_watch,2024-01-29,25,12,1,True,False,False
L2027,S039,C016,video_watch,2024-02-17,23,23,1,True,False,False
L2028,S039,C016,assignment,2024-03-03,20,34,2,False,True,True
L2029,S039,C016,quiz_attempt,2024-03-24,18,45,2,False,False,True
L2015,S039,C017,video_watch,2024-02-26,24,12,1,True,False,False
L2016,S039,C017,video_watch,2024-02-26,16,12,1,True,False,False
L2030,S039,C018,video_watch,2024-03-23,16,12,1,True,False,False
L2031,S039,C018,assignment,2024-03-24,14,18,1,False,True,True
L2032,S039,C018,quiz_attempt,2024-03-25,12,25,1,False,False,True
L2017,S039,C021,video_watch,2024-01-29,14,12,1,True,False,False
L2018,S039,C021,video_watch,2024-02-08,13,25,1,True,False,False
L2019,S039,C021,assignment,2024-02-19,11,37,2,False,True,True
L2020,S039,C021,quiz_attempt,2024-02-28,10,50,2,False,False,True
L2014,S039,C022,video_watch,2024-02-23,29,5,1,True,False,False
L2010,S039,C027,video_watch,2024-01-27,10,12,1,True,False,False
L2011,S039,C027,video_watch,2024-02-03,10,31,2,True,False,False
L2012,S039,C027,assignment,2024-02-08,10,51,3,False,True,True
L2013,S039,C027,quiz_attempt,2024-02-14,10,70,3,False,False,True
L2024,S039,C028,video_watch,2024-03-13,91,5,1,True,False,False
L2036,S039,C031,video_watch,2024-03-07,39,12,1,True,False,False
L2037,S039,C031,assignment,2024-03-17,33,18,1,False,True,True
L2038,S039,C031,quiz_attempt,2024-03-29,27,25,1,False,False,True
L2025,S039,C033,video_watch,2024-03-21,94,5,1,True,False,False
L2006,S039,C035,video_watch,2024-01-27,15,12,1,True,False,False
L2007,S039,C035,video_watch,2024-01-31,13,35,2,True,False,False
L2008,S039,C035,assignment,2024-02-06,12,57,3,False,True,True
L2009,S039,C035,video_watch,2024-02-11,10,80,4,True,False,False
L2078,S040,C001,video_watch,2024-03-05,35,12,1,True,False,False
L2079,S040,C001,assignment,2024-03-12,30,18,1,False,True,True
L2080,S040,C001,quiz_attempt,2024-03-17,25,25,1,False,False,True
L2070,S040,C003,video_watch,2024-02-29,26,12,1,True,False,False
L2071,S040,C003,video_watch,2024-03-03,24,23,1,True,False,False
L2072,S040,C003,assignment,2024-03-07,21,34,2,False,True,True
L2073,S040,C003,video_watch,2024-03-10,18,45,2,True,False,False
L2047,S040,C004,video_watch,2024-01-20,18,12,1,True,False,False
L2048,S040,C004,video_watch,2024-01-23,16,41,2,True,False,False
L2049,S040,C004,assignment,2024-01-27,14,71,3,False,True,True
L2050,S040,C004,quiz_attempt,2024-02-01,12,100,4,False,False,True
L2085,S040,C005,video_watch,2024-01-20,33,12,1,True,False,False
L2086,S040,C005,assignment,2024-02-18,28,18,1,False,True,True
L2087,S040,C005,quiz_attempt,2024-03-25,23,25,1,False,False,True
L2091,S040,C009,video_watch,2024-03-16,26,12,1,True,False,False
L2092,S040,C009,video_watch,2024-03-21,24,28,2,True,False,False
L2093,S040,C009,assignment,2024-03-25,21,45,2,False,True,True
L2094,S040,C009,video_watch,2024-03-28,18,61,3,True,False,False
L2095,S040,C010,video_watch,2024-03-10,26,12,1,True,False,False
L2096,S040,C010,video_watch,2024-03-18,23,31,2,True,False,False
L2097,S040,C010,assignment,2024-03-23,21,50,2,False,True,True
L2098,S040,C010,quiz_attempt,2024-03-31,18,69,3,False,False,True
L2060,S040,C011,video_watch,2024-01-13,26,12,1,True,False,False
L2061,S040,C011,video_watch,2024-01-26,23,28,2,True,False,False
L2062,S040,C011,assignment,2024-02-13,21,44,2,False,True,True
L2063,S040,C011,quiz_attempt,2024-03-05,18,60,3,False,False,True
L2064,S040,C012,video_watch,2024-02-27,10,12,1,True,False,False
L2065,S040,C012,assignment,2024-03-02,10,18,1,False,True,True
L2066,S040,C012,quiz_attempt,2024-03-06,10,25,1,False,False,True
L2077,S040,C013,video_watch,2024-03-15,49,5,1,True,False,False
L2067,S040,C014,video_watch,2024-01-07,25,12,1,True,False,False
L2068,S040,C014,assignment,2024-02-07,21,18,1,False,True,True
L2069,S040,C014,quiz_attempt,2024-03-04,18,25,1,False,False,True
L2056,S040,C015,video_watch,2024-03-04,95,5,1,True,False,False
L2099,S040,C016,video_watch,2024-02-10,16,12,1,True,False,False
L2100,S040,C016,video_watch,2024-02-29,15,30,2,True,False,False
L2101,S040,C016,assignment,2024-03-12,13,48,2,False,True,True
L2102,S040,C016,quiz_attempt,2024-03-30,11,66,3,False,False,True
L2082,S040,C018,video_watch,2024-03-02,39,12,1,True,False,False
L2083,S040,C018,assignment,2024-03-11,33,18,1,False,True,True
L2084,S040,C018,quiz_attempt,2024-03-23,27,25,1,False,False,True
L2074,S040,C019,video_watch,2024-03-06,14,12,1,True,False,False
L2075,S040,C019,assignment,2024-03-09,12,18,1,False,True,True
L2076,S040,C019,quiz_attempt,2024-03-13,10,25,1,False,False,True
L2057,S040,C020,video_watch,2024-01-30,20,12,1,True,False,False
L2058,S040,C020,assignment,2024-02-15,17,18,1,False,True,True
L2059,S040,C020,quiz_attempt,2024-03-04,14,25,1,False,False,True
L2044,S040,C021,video_watch,2024-01-24,10,12,1,True,False,False
L2045,S040,C021,assignment,2024-01-28,10,18,1,False,True,True
L2046,S040,C021,quiz_attempt,2024-01-31,10,25,1,False,False,True
L2055,S040,C022,video_watch,2024-03-01,83,5,1,True,False,False
L2051,S040,C024,video_watch,2024-01-22,16,12,1,True,False,False
L2052,S040,C024,video_watch,2024-01-26,15,28,2,True,False,False
L2053,S040,C024,assignment,2024-01-30,13,44,2,False,True,True
L2054,S040,C024,quiz_attempt,2024-02-03,11,60,3,False,False,True
L2043,S040,C026,video_watch,2024-01-25,38,5,1,True,False,False
L2081,S040,C028,video_watch,2024-03-19,86,5,1,True,False,False
L2088,S040,C032,video_watch,2024-03-05,13,12,1,True,False,False
L2089,S040,C032,assignment,2024-03-17,11,18,1,False,True,True
L2090,S040,C032,quiz_attempt,2024-03-26,10,25,1,False,False,True
L2104,S041,C001,video_watch,2024-01-29,15,12,1,True,False,False
L2105,S041,C001,video_watch,2024-02-01,13,41,2,True,False,False
L2106,S041,C001,assignment,2024-02-03,12,71,3,False,True,True
L2107,S041,C001,quiz_attempt,2024-02-06,10,100,4,False,False,True
L2113,S041,C002,video_watch,2024-02-17,22,12,1,True,False,False
L2114,S041,C002,video_watch,2024-02-21,19,26,2,True,False,False
L2115,S041,C002,assignment,2024-02-25,17,41,2,False,True,True
L2116,S041,C002,video_watch,2024-02-28,15,55,3,True,False,False
L2108,S041,C003,video_watch,2024-01-30,16,12,1,True,False,False
L2109,S041,C003,video_watch,2024-02-01,15,24,1,True,False,False
L2110,S041,C003,assignment,2024-02-04,13,37,2,False,True,True
L2111,S041,C003,quiz_attempt,2024-02-08,11,49,2,False,False,True
L2130,S041,C008,video_watch,2024-02-01,10,12,1,True,False,False
L2131,S041,C008,video_watch,2024-02-12,10,29,2,True,False,False
L2132,S041,C008,assignment,2024-03-02,10,45,2,False,True,True
L2133,S041,C008,quiz_attempt,2024-03-11,10,62,3,False,False,True
L2125,S041,C009,video_watch,2024-01-19,15,12,1,True,False,False
L2126,S041,C009,video_watch,2024-02-08,14,26,2,True,False,False
L2127,S041,C009,assignment,2024-02-19,12,41,2,False,True,True
L2128,S041,C009,quiz_attempt,2024-03-08,11,55,3,False,False,True
L2142,S041,C012,video_watch,2024-02-04,29,12,1,True,False,False
L2143,S041,C012,assignment,2024-02-24,25,18,1,False,True,True
L2144,S041,C012,quiz_attempt,2024-03-21,21,25,1,False,False,True
L2103,S041,C013,video_watch,2024-01-14,88,5,1,True,False,False
L2134,S041,C016,video_watch,2024-02-02,20,12,1,True,False,False
L2135,S041,C016,video_watch,2024-02-16,18,27,2,True,False,False
L2136,S041,C016,assignment,2024-03-01,16,43,2,False,True,True
L2137,S041,C016,quiz_attempt,2024-03-14,14,58,3,False,False,True
L2129,S041,C017,video_watch,2024-03-12,30,5,1,True,False,False
L2146,S041,C019,video_watch,2024-03-29,65,5,1,True,False,False
L2145,S041,C021,video_watch,2024-03-28,62,5,1,True,False,False
L2138,S041,C023,video_watch,2024-03-05,13,12,1,True,False,False
L2139,S041,C023,video_watch,2024-03-08,11,30,2,True,False,False
L2140,S041,C023,assignment,2024-03-12,10,49,2,False,True,True
L2141,S041,C023,video_watch,2024-03-17,10,67,3,True,False,False
L2112,S041,C024,video_watch,2024-02-14,27,5,1,True,False,False
L2117,S041,C027,video_watch,2024-01-28,24,12,1,True,False,False
L2118,S041,C027,video_watch,2024-02-11,22,25,1,True,False,False
L2119,S041,C027,assignment,2024-02-22,19,37,2,False,True,True
L2120,S041,C027,quiz_attempt,2024-03-04,17,50,2,False,False,True
L2121,S041,C029,video_watch,2024-02-19,16,12,1,True,False,False
L2122,S041,C029,video_watch,2024-02-24,15,32,2,True,False,False
L2123,S041,C029,assignment,2024-02-29,13,51,3,False,True,True
L2124,S041,C029,video_watch,2024-03-03,11,71,3,True,False,False
L2170,S042,C001,video_watch,2024-01-18,15,12,1,True,False,False
L2171,S042,C001,assignment,2024-01-29,13,18,1,False,True,True
L2172,S042,C001,quiz_attempt,2024-02-11,11,25,1,False,False,True
L2173,S042,C002,video_watch,2024-02-01,12,12,1,True,False,False
L2174,S042,C002,video_watch,2024-02-04,11,28,2,True,False,False
L2175,S042,C002,assignment,2024-02-07,10,43,2,False,True,True
L2176,S042,C002,video_watch,2024-02-12,10,59,3,True,False,False
L2189,S042,C003,video_watch,2024-01-16,26,12,1,True,False,False
L2190,S042,C003,assignment,2024-02-11,23,18,1,False,True,True
L2191,S042,C003,quiz_attempt,2024-03-09,19,25,1,False,False,True
L2169,S042,C004,video_watch,2024-02-10,83,5,1,True,False,False
L2153,S042,C005,video_watch,2024-01-05,24,12,1,True,False,False
L2154,S042,C005,video_watch,2024-01-09,21,41,2,True,False,False
L2155,S042,C005,assignment,2024-01-12,19,71,3,False,True,True
L2156,S042,C005,quiz_attempt,2024-01-16,16,100,4,False,False,True
L2157,S042,C006,video_watch,2024-01-06,22,12,1,True,False,False
L2158,S042,C006,video_watch,2024-01-11,20,41,2,True,False,False
L2159,S042,C006,assignment,2024-01-13,18,71,3,False,True,True
L2160,S042,C006,quiz_attempt,2024-01-18,15,100,4,False,False,True
L2161,S042,C007,video_watch,2024-01-08,19,12,1,True,False,False
L2162,S042,C007,video_watch,2024-01-12,17,41,2,True,False,False
L2163,S042,C007,assignment,2024-01-16,15,71,3,False,True,True
L2164,S042,C007,quiz_attempt,2024-01-20,13,100,4,False,False,True
L2210,S042,C008,video_watch,2024-03-04,10,12,1,True,False,False
L2211,S042,C008,video_watch,2024-03-13,10,31,2,True,False,False
L2212,S042,C008,assignment,2024-03-19,10,50,2,False,True,True
L2213,S042,C008,quiz_attempt,2024-03-27,10,69,3,False,False,True
L2203,S042,C009,video_watch,2024-02-17,39,12,1,True,False,False
L2204,S042,C009,assignment,2024-03-03,33,18,1,False,True,True
L2205,S042,C009,quiz_attempt,2024-03-27,27,25,1,False,False,True
L2215,S042,C010,video_watch,2024-03-27,26,12,1,True,False,False
L2216,S042,C010,assignment,2024-03-29,22,18,1,False,True,True
L2217,S042,C010,quiz_attempt,2024-03-30,18,25,1,False,False,True
L2178,S042,C011,video_watch,2024-01-05,13,12,1,True,False,False
L2179,S042,C011,video_watch,2024-01-16,12,24,1,True,False,False
L2180,S042,C011,assignment,2024-02-02,10,37,2,False,True,True
L2181,S042,C011,quiz_attempt,2024-02-16,10,49,2,False,False,True
L2214,S042,C012,video_watch,2024-03-28,63,5,1,True,False,False
L2148,S042,C015,video_watch,2024-01-09,74,5,1,True,False,False
L2197,S042,C017,video_watch,2024-03-08,17,12,1,True,False,False
L2198,S042,C017,assignment,2024-03-13,14,18,1,False,True,True
L2199,S042,C017,quiz_attempt,2024-03-18,12,25,1,False,False,True
L2196,S042,C018,video_watch,2024-03-13,98,5,1,True,False,False
L2192,S042,C021,video_watch,2024-03-01,23,12,1,True,False,False
L2193,S042,C021,video_watch,2024-03-04,20,23,1,True,False,False
L2194,S042,C021,assignment,2024-03-07,18,34,2,False,True,True
L2195,S042,C021,quiz_attempt,2024-03-11,16,45,2,False,False,True
L2147,S042,C022,video_watch,2024-01-04,38,5,1,True,False,False
L2165,S042,C025,video_watch,2024-01-06,25,12,1,True,False,False
L2166,S042,C025,video_watch,2024-01-12,23,26,2,True,False,False
L2167,S042,C025,assignment,2024-01-17,20,41,2,False,True,True
L2168,S042,C025,quiz_attempt,2024-01-22,18,55,3,False,False,True
L2186,S042,C026,video_watch,2024-03-05,39,12,1,True,False,False
L2187,S042,C026,assignment,2024-03-06,33,18,1,False,True,True
L2188,S042,C026,quiz_attempt,2024-03-06,27,25,1,False,False,True
L2206,S042,C029,video_watch,2024-02-04,19,12,1,True,False,False
L2207,S042,C029,video_watch,2024-02-18,17,34,2,True,False,False
L2208,S042,C029,assignment,2024-03-12,15,57,3,False,True,True
L2209,S042,C029,quiz_attempt,2024-03-27,13,79,4,False,False,True
L2200,S042,C030,video_watch,2024-02-02,26,12,1,True,False,False
L2201,S042,C030,assignment,2024-02-26,22,18,1,False,True,True
L2202,S042,C030,quiz_attempt,2024-03-24,18,25,1,False,False,True
L2182,S042,C032,video_watch,2024-01-23,26,12,1,True,False,False
L2183,S042,C032,video_watch,2024-01-30,23,31,2,True,False,False
L2184,S042,C032,assignment,2024-02-07,21,50,2,False,True,True
L2185,S042,C032,quiz_attempt,2024-02-15,18,69,3,False,False,True
L2177,S042,C033,video_watch,2024-02-13,64,5,1,True,False,False
L2149,S042,C035,video_watch,2024-01-04,15,12,1,True,False,False
L2150,S042,C035,video_watch,2024-01-08,14,28,2,True,False,False
L2151,S042,C035,assignment,2024-01-11,12,43,2,False,True,True
L2152,S042,C035,quiz_attempt,2024-01-15,11,59,3,False,False,True
L2236,S043,C001,video_watch,2024-03-04,17,5,1,True,False,False
L2237,S043,C001,video_watch,2024-03-06,15,5,1,True,False,False
L2238,S043,C001,quiz_attempt,2024-03-08,12,5,1,False,False,True
L2227,S043,C006,video_watch,2024-01-11,15,12,1,True,False,False
L2228,S043,C006,video_watch,2024-01-19,14,30,2,True,False,False
L2229,S043,C006,assignment,2024-01-31,12,48,2,False,True,True
L2230,S043,C006,quiz_attempt,2024-02-08,11,66,3,False,False,True
L2221,S043,C011,video_watch,2024-01-21,53,5,1,True,False,False
L2246,S043,C015,video_watch,2024-02-03,21,12,1,True,False,False
L2247,S043,C015,assignment,2024-02-23,18,18,1,False,True,True
L2248,S043,C015,quiz_attempt,2024-03-16,15,25,1,False,False,True
L2245,S043,C016,video_watch,2024-03-16,83,5,1,True,False,False
L2223,S043,C018,video_watch,2024-01-24,26,12,1,True,False,False
L2224,S043,C018,video_watch,2024-01-27,23,24,1,True,False,False
L2225,S043,C018,assignment,2024-01-30,21,35,2,False,True,True
L2226,S043,C018,quiz_attempt,2024-02-01,18,47,2,False,False,True
L2231,S043,C019,video_watch,2024-02-13,89,5,1,True,False,False
L2239,S043,C023,video_watch,2024-03-07,13,12,1,True,False,False
L2240,S043,C023,assignment,2024-03-11,11,18,1,False,True,True
L2241,S043,C023,quiz_attempt,2024-03-14,10,25,1,False,False,True
L2242,S043,C025,video_watch,2024-01-12,27,12,1,True,False,False
L2243,S043,C025,assignment,2024-02-11,23,18,1,False,True,True
L2244,S043,C025,quiz_attempt,2024-03-13,19,25,1,False,False,True
L2252,S043,C026,video_watch,2024-03-16,19,12,1,True,False,False
L2253,S043,C026,video_watch,2024-03-19,17,23,1,True,False,False
L2254,S043,C026,assignment,2024-03-23,15,34,2,False,True,True
L2255,S043,C026,video_watch,2024-03-26,13,45,2,True,False,False
L2218,S043,C028,video_watch,2024-01-10,29,12,1,True,False,False
L2219,S043,C028,assignment,2024-01-12,25,18,1,False,True,True
L2220,S043,C028,quiz_attempt,2024-01-14,20,25,1,False,False,True
L2249,S043,C029,video_watch,2024-03-03,39,12,1,True,False,False
L2250,S043,C029,assignment,2024-03-11,33,18,1,False,True,True
L2251,S043,C029,quiz_attempt,2024-03-19,27,25,1,False,False,True
L2232,S043,C034,video_watch,2024-01-22,14,12,1,True,False,False
L2233,S043,C034,video_watch,2024-02-05,13,25,1,True,False,False
L2234,S043,C034,assignment,2024-02-16,12,39,2,False,True,True
L2235,S043,C034,quiz_attempt,2024-02-26,10,52,3,False,False,True
L2222,S043,C035,video_watch,2024-01-31,31,5,1,True,False,False
L2275,S044,C002,video_watch,2024-02-22,22,5,1,True,False,False
L2270,S044,C003,video_watch,2024-02-10,97,5,1,True,False,False
L2258,S044,C008,video_watch,2024-01-26,11,12,1,True,False,False
L2259,S044,C008,video_watch,2024-01-28,10,29,2,True,False,False
L2260,S044,C008,assignment,2024-01-30,10,47,2,False,True,True
L2261,S044,C008,quiz_attempt,2024-02-01,10,64,3,False,False,True
L2262,S044,C009,video_watch,2024-01-28,24,12,1,True,False,False
L2263,S044,C009,video_watch,2024-01-31,20,16,1,True,False,False
L2264,S044,C009,quiz_attempt,2024-02-03,17,20,1,False,False,True
L2276,S044,C010,video_watch,2024-02-15,21,12,1,True,False,False
L2277,S044,C010,assignment,2024-02-18,18,18,1,False,True,True
L2278,S044,C010,quiz_attempt,2024-02-23,15,25,1,False,False,True
L2266,S044,C012,video_watch,2024-01-27,17,12,1,True,False,False
L2267,S044,C012,video_watch,2024-01-30,15,29,2,True,False,False
L2268,S044,C012,assignment,2024-02-04,14,45,2,False,True,True
L2269,S044,C012,video_watch,2024-02-09,12,62,3,True,False,False
L2274,S044,C014,video_watch,2024-02-17,34,5,1,True,False,False
L2289,S044,C017,video_watch,2024-03-20,25,12,1,True,False,False
L2290,S044,C017,video_watch,2024-03-24,23,23,1,True,False,False
L2291,S044,C017,assignment,2024-03-27,20,34,2,False,True,True
L2292,S044,C017,quiz_attempt,2024-03-31,18,45,2,False,False,True
L2282,S044,C018,video_watch,2024-03-16,13,12,1,True,False,False
L2283,S044,C018,video_watch,2024-03-20,11,28,2,True,False,False
L2284,S044,C018,assignment,2024-03-23,10,45,2,False,True,True
L2285,S044,C018,video_watch,2024-03-27,10,61,3,True,False,False
L2265,S044,C019,video_watch,2024-02-03,21,5,1,True,False,False
L2256,S044,C021,video_watch,2024-01-03,85,5,1,True,False,False
L2279,S044,C024,video_watch,2024-03-01,92,5,1,True,False,False
L2271,S044,C025,video_watch,2024-01-26,20,12,1,True,False,False
L2272,S044,C025,assignment,2024-02-03,17,18,1,False,True,True
L2273,S044,C025,quiz_attempt,2024-02-12,14,25,1,False,False,True
L2293,S044,C026,video_watch,2024-03-24,20,12,1,True,False,False
L2294,S044,C026,assignment,2024-03-27,17,18,1,False,True,True
L2295,S044,C026,quiz_attempt,2024-03-31,14,25,1,False,False,True
L2257,S044,C028,video_watch,2024-01-11,60,5,1,True,False,False
L2280,S044,C030,video_watch,2024-03-16,93,5,1,True,False,False
L2281,S044,C031,video_watch,2024-03-23,83,5,1,True,False,False
L2286,S044,C034,video_watch,2024-03-11,35,12,1,True,False,False
L2287,S044,C034,assignment,2024-03-20,29,18,1,False,True,True
L2288,S044,C034,quiz_attempt,2024-03-29,24,25,1,False,False,True
L2308,S045,C001,video_watch,2024-01-24,10,12,1,True,False,False
L2309,S045,C001,video_watch,2024-02-02,10,23,1,True,False,False
L2310,S045,C001,assignment,2024-02-10,10,34,2,False,True,True
L2311,S045,C001,quiz_attempt,2024-02-18,10,45,2,False,False,True
L2312,S045,C003,video_watch,2024-02-10,22,12,1,True,False,False
L2313,S045,C003,video_watch,2024-02-14,20,23,1,True,False,False
L2314,S045,C003,assignment,2024-02-17,17,34,2,False,True,True
L2315,S045,C003,video_watch,2024-02-19,15,45,2,True,False,False
L2317,S045,C007,video_watch,2024-02-20,26,12,1,True,False,False
L2318,S045,C007,assignment,2024-02-23,22,18,1,False,True,True
L2319,S045,C007,quiz_attempt,2024-02-27,18,25,1,False,False,True
L2321,S045,C015,video_watch,2024-03-03,74,5,1,True,False,False
L2305,S045,C016,video_watch,2024-01-29,14,12,1,True,False,False
L2306,S045,C016,assignment,2024-01-31,12,18,1,False,True,True
L2307,S045,C016,quiz_attempt,2024-02-02,10,25,1,False,False,True
L2296,S045,C018,video_watch,2024-01-06,23,5,1,True,False,False
L2297,S045,C022,video_watch,2024-01-14,28,12,1,True,False,False
L2298,S045,C022,video_watch,2024-01-16,25,41,2,True,False,False
L2299,S045,C022,assignment,2024-01-18,22,71,3,False,True,True
L2300,S045,C022,quiz_attempt,2024-01-20,20,100,4,False,False,True
L2301,S045,C023,video_watch,2024-01-16,10,12,1,True,False,False
L2302,S045,C023,video_watch,2024-01-18,10,23,1,True,False,False
L2303,S045,C023,assignment,2024-01-20,10,34,2,False,True,True
L2304,S045,C023,quiz_attempt,2024-01-22,10,45,2,False,False,True
L2325,S045,C024,video_watch,2024-01-28,12,12,1,True,False,False
L2326,S045,C024,assignment,2024-02-25,11,18,1,False,True,True
L2327,S045,C024,quiz_attempt,2024-03-19,10,25,1,False,False,True
L2316,S045,C026,video_watch,2024-02-20,84,5,1,True,False,False
L2320,S045,C031,video_watch,2024-03-01,64,5,1,True,False,False
L2322,S045,C034,video_watch,2024-02-29,26,12,1,True,False,False
L2323,S045,C034,assignment,2024-03-08,22,18,1,False,True,True
L2324,S045,C034,quiz_attempt,2024-03-17,18,25,1,False,False,True
L2362,S046,C004,video_watch,2024-01-24,16,12,1,True,False,False
L2363,S046,C004,assignment,2024-02-22,14,18,1,False,True,True
L2364,S046,C004,quiz_attempt,2024-03-21,11,25,1,False,False,True
L2338,S046,C008,video_watch,2024-02-14,12,12,1,True,False,False
L2339,S046,C008,video_watch,2024-02-16,10,12,1,True,False,False
L2340,S046,C008,quiz_attempt,2024-02-18,10,12,1,False,False,True
L2337,S046,C010,video_watch,2024-02-05,92,5,1,True,False,False
L2358,S046,C012,video_watch,2024-03-10,10,12,1,True,False,False
L2359,S046,C012,video_watch,2024-03-14,10,24,1,True,False,False
L2360,S046,C012,assignment,2024-03-17,10,36,2,False,True,True
L2361,S046,C012,video_watch,2024-03-21,10,48,2,True,False,False
L2365,S046,C014,video_watch,2024-02-21,37,12,1,True,False,False
L2366,S046,C014,assignment,2024-03-07,31,18,1,False,True,True
L2367,S046,C014,quiz_attempt,2024-03-25,26,25,1,False,False,True
L2368,S046,C016,video_watch,2024-03-26,24,5,1,True,False,False
L2330,S046,C017,video_watch,2024-01-05,10,12,1,True,False,False
L2331,S046,C017,video_watch,2024-01-09,10,24,1,True,False,False
L2332,S046,C017,assignment,2024-01-12,10,36,2,False,True,True
L2333,S046,C017,quiz_attempt,2024-01-16,10,48,2,False,False,True
L2335,S046,C020,video_watch,2024-01-23,21,5,1,True,False,False
L2347,S046,C022,video_watch,2024-01-29,26,12,1,True,False,False
L2348,S046,C022,assignment,2024-02-13,22,18,1,False,True,True
L2349,S046,C022,quiz_attempt,2024-03-01,18,25,1,False,False,True
L2328,S046,C023,video_watch,2024-01-06,59,5,1,True,False,False
L2341,S046,C024,video_watch,2024-02-11,16,12,1,True,False,False
L2342,S046,C024,video_watch,2024-02-15,15,26,2,True,False,False
L2343,S046,C024,assignment,2024-02-19,13,39,2,False,True,True
L2344,S046,C024,video_watch,2024-02-22,11,53,3,True,False,False
L2354,S046,C025,video_watch,2024-01-05,13,12,1,True,False,False
L2355,S046,C025,video_watch,2024-01-31,12,34,2,True,False,False
L2356,S046,C025,assignment,2024-02-20,10,56,3,False,True,True
L2357,S046,C025,quiz_attempt,2024-03-15,10,78,4,False,False,True
L2329,S046,C027,video_watch,2024-01-06,26,5,1,True,False,False
L2350,S046,C028,video_watch,2024-01-04,10,12,1,True,False,False
L2351,S046,C028,video_watch,2024-01-25,10,33,2,True,False,False
L2352,S046,C028,assignment,2024-02-08,10,54,3,False,True,True
L2353,S046,C028,quiz_attempt,2024-03-02,10,75,3,False,False,True
L2346,S046,C031,video_watch,2024-02-29,40,5,1,True,False,False
L2336,S046,C032,video_watch,2024-01-30,72,5,1,True,False,False
L2334,S046,C033,video_watch,2024-01-18,40,5,1,True,False,False
L2369,S046,C034,video_watch,2024-03-19,16,12,1,True,False,False
L2370,S046,C034,video_watch,2024-03-22,14,27,2,True,False,False
L2371,S046,C034,assignment,2024-03-28,13,41,2,False,True,True
L2372,S046,C034,quiz_attempt,2024-03-31,11,56,3,False,False,True
L2345,S046,C035,video_watch,2024-02-26,93,5,1,True,False,False
L2389,S047,C001,video_watch,2024-02-18,52,5,1,True,False,False
L2414,S047,C005,video_watch,2024-02-21,29,12,1,True,False,False
L2415,S047,C005,video_watch,2024-03-06,26,33,2,True,False,False
L2416,S047,C005,assignment,2024-03-16,23,54,3,False,True,True
L2417,S047,C005,quiz_attempt,2024-03-30,20,75,3,False,False,True
L2396,S047,C008,video_watch,2024-01-13,19,12,1,True,False,False
L2397,S047,C008,assignment,2024-02-16,17,18,1,False,True,True
L2398,S047,C008,quiz_attempt,2024-03-18,14,25,1,False,False,True
L2405,S047,C009,video_watch,2024-03-19,27,12,1,True,False,False
L2406,S047,C009,assignment,2024-03-24,23,18,1,False,True,True
L2407,S047,C009,quiz_attempt,2024-03-29,19,25,1,False,False,True
L2385,S047,C010,video_watch,2024-01-24,25,12,1,True,False,False
L2386,S047,C010,video_watch,2024-01-31,23,23,1,True,False,False
L2387,S047,C010,assignment,2024-02-04,20,34,2,False,True,True
L2388,S047,C010,quiz_attempt,2024-02-11,18,45,2,False,False,True
L2390,S047,C011,video_watch,2024-02-27,39,5,1,True,False,False
L2408,S047,C012,video_watch,2024-02-21,22,12,1,True,False,False
L2409,S047,C012,assignment,2024-03-13,18,18,1,False,True,True
L2410,S047,C012,quiz_attempt,2024-03-30,15,25,1,False,False,True
L2418,S047,C013,video_watch,2024-03-23,29,12,1,True,False,False
L2419,S047,C013,video_watch,2024-03-26,26,23,1,True,False,False
L2420,S047,C013,assignment,2024-03-29,23,34,2,False,True,True
L2421,S047,C013,video_watch,2024-03-31,20,45,2,True,False,False
L2402,S047,C016,video_watch,2024-03-25,37,12,1,True,False,False
L2403,S047,C016,assignment,2024-03-26,31,18,1,False,True,True
L2404,S047,C016,quiz_attempt,2024-03-27,26,25,1,False,False,True
L2377,S047,C020,video_watch,2024-01-18,21,12,1,True,False,False
L2378,S047,C020,video_watch,2024-01-20,19,41,2,True,False,False
L2379,S047,C020,assignment,2024-01-22,17,71,3,False,True,True
L2380,S047,C020,quiz_attempt,2024-01-24,15,100,4,False,False,True
L2381,S047,C021,video_watch,2024-01-20,27,12,1,True,False,False
L2382,S047,C021,video_watch,2024-01-22,24,26,2,True,False,False
L2383,S047,C021,assignment,2024-01-24,22,39,2,False,True,True
L2384,S047,C021,quiz_attempt,2024-01-26,19,53,3,False,False,True
L2376,S047,C022,video_watch,2024-01-18,60,5,1,True,False,False
L2395,S047,C023,video_watch,2024-03-15,41,5,1,True,False,False
L2373,S047,C027,video_watch,2024-01-04,28,12,1,True,False,False
L2374,S047,C027,assignment,2024-01-09,24,18,1,False,True,True
L2375,S047,C027,quiz_attempt,2024-01-12,20,25,1,False,False,True
L2399,S047,C028,video_watch,2024-03-19,26,12,1,True,False,False
L2400,S047,C028,assignment,2024-03-21,22,18,1,False,True,True
L2401,S047,C028,quiz_attempt,2024-03-22,18,25,1,False,False,True
L2391,S047,C034,video_watch,2024-02-20,11,12,1,True,False,False
L2392,S047,C034,video_watch,2024-02-24,10,32,2,True,False,False
L2393,S047,C034,assignment,2024-03-01,10,52,3,False,True,True
L2394,S047,C034,video_watch,2024-03-04,10,72,3,True,False,False
L2411,S047,C035,video_watch,2024-03-26,17,12,1,True,False,False
L2412,S047,C035,assignment,2024-03-28,14,18,1,False,True,True
L2413,S047,C035,quiz_attempt,2024-03-30,12,25,1,False,False,True
L2431,S048,C004,video_watch,2024-01-28,10,12,1,True,False,False
L2432,S048,C004,video_watch,2024-01-30,10,41,2,True,False,False
L2433,S048,C004,assignment,2024-02-01,10,71,3,False,True,True
L2434,S048,C004,quiz_attempt,2024-02-03,10,100,4,False,False,True
L2470,S048,C008,video_watch,2024-03-18,22,12,1,True,False,False
L2471,S048,C008,video_watch,2024-03-22,20,23,1,True,False,False
L2472,S048,C008,assignment,2024-03-25,18,34,2,False,True,True
L2473,S048,C008,video_watch,2024-03-29,16,45,2,True,False,False
L2451,S048,C009,video_watch,2024-01-15,22,12,1,True,False,False
L2452,S048,C009,video_watch,2024-01-27,20,27,2,True,False,False
L2453,S048,C009,assignment,2024-02-07,18,41,2,False,True,True
L2454,S048,C009,quiz_attempt,2024-02-19,15,56,3,False,False,True
L2460,S048,C013,video_watch,2024-01-26,14,12,1,True,False,False
L2461,S048,C013,assignment,2024-02-17,12,18,1,False,True,True
L2462,S048,C013,quiz_attempt,2024-03-04,10,25,1,False,False,True
L2438,S048,C014,video_watch,2024-01-30,21,12,1,True,False,False
L2439,S048,C014,video_watch,2024-02-01,19,23,1,True,False,False
L2440,S048,C014,assignment,2024-02-03,16,34,2,False,True,True
L2441,S048,C014,quiz_attempt,2024-02-05,14,45,2,False,False,True
L2467,S048,C016,video_watch,2024-02-13,35,12,1,True,False,False
L2468,S048,C016,assignment,2024-03-03,29,18,1,False,True,True
L2469,S048,C016,quiz_attempt,2024-03-22,24,25,1,False,False,True
L2435,S048,C018,video_watch,2024-01-29,32,12,1,True,False,False
L2436,S048,C018,assignment,2024-02-01,27,18,1,False,True,True
L2437,S048,C018,quiz_attempt,2024-02-03,22,25,1,False,False,True
L2455,S048,C020,video_watch,2024-02-28,71,5,1,True,False,False
L2442,S048,C022,video_watch,2024-02-07,49,5,1,True,False,False
L2443,S048,C023,video_watch,2024-01-23,10,12,1,True,False,False
L2444,S048,C023,video_watch,2024-01-28,10,30,2,True,False,False
L2445,S048,C023,assignment,2024-02-02,10,47,2,False,True,True
L2446,S048,C023,quiz_attempt,2024-02-07,10,65,3,False,False,True
L2447,S048,C026,video_watch,2024-02-04,21,12,1,True,False,False
L2448,S048,C026,video_watch,2024-02-07,19,28,2,True,False,False
L2449,S048,C026,assignment,2024-02-12,17,44,2,False,True,True
L2450,S048,C026,video_watch,2024-02-16,15,60,3,True,False,False
L2466,S048,C028,video_watch,2024-03-14,97,5,1,True,False,False
L2456,S048,C029,video_watch,2024-02-19,10,12,1,True,False,False
L2457,S048,C029,video_watch,2024-02-22,10,23,1,True,False,False
L2458,S048,C029,assignment,2024-02-27,10,34,2,False,True,True
L2459,S048,C029,video_watch,2024-03-01,10,45,2,True,False,False
L2427,S048,C031,video_watch,2024-01-21,26,12,1,True,False,False
L2428,S048,C031,video_watch,2024-01-25,24,26,2,True,False,False
L2429,S048,C031,assignment,2024-01-29,21,41,2,False,True,True
L2430,S048,C031,video_watch,2024-02-02,18,55,3,True,False,False
L2422,S048,C033,video_watch,2024-01-07,22,5,1,True,False,False
L2423,S048,C034,video_watch,2024-01-13,28,12,1,True,False,False
L2424,S048,C034,video_watch,2024-01-18,25,33,2,True,False,False
L2425,S048,C034,assignment,2024-01-23,22,53,3,False,True,True
L2426,S048,C034,video_watch,2024-01-27,19,74,3,True,False,False
L2463,S048,C035,video_watch,2024-02-14,27,12,1,True,False,False
L2464,S048,C035,assignment,2024-02-25,23,18,1,False,True,True
L2465,S048,C035,quiz_attempt,2024-03-08,19,25,1,False,False,True
L2519,S049,C003,video_watch,2024-03-04,31,12,1,True,False,False
L2520,S049,C003,assignment,2024-03-17,27,18,1,False,True,True
L2521,S049,C003,quiz_attempt,2024-03-27,22,25,1,False,False,True
L2474,S049,C005,video_watch,2024-01-12,11,12,1,True,False,False
L2475,S049,C005,video_watch,2024-01-14,10,41,2,True,False,False
L2476,S049,C005,assignment,2024-01-16,10,71,3,False,True,True
L2477,S049,C005,quiz_attempt,2024-01-18,10,100,4,False,False,True
L2492,S049,C008,video_watch,2024-02-19,19,12,1,True,False,False
L2493,S049,C008,video_watch,2024-02-22,17,23,1,True,False,False
L2494,S049,C008,assignment,2024-02-26,15,35,2,False,True,True
L2495,S049,C008,video_watch,2024-03-01,13,46,2,True,False,False
L2503,S049,C011,video_watch,2024-03-20,61,5,1,True,False,False
L2488,S049,C012,video_watch,2024-02-02,11,12,1,True,False,False
L2489,S049,C012,video_watch,2024-02-08,10,33,2,True,False,False
L2490,S049,C012,assignment,2024-02-15,10,55,3,False,True,True
L2491,S049,C012,quiz_attempt,2024-02-20,10,76,4,False,False,True
L2496,S049,C014,video_watch,2024-03-07,74,5,1,True,False,False
L2515,S049,C015,video_watch,2024-03-27,94,5,1,True,False,False
L2516,S049,C017,video_watch,2024-03-25,31,12,1,True,False,False
L2517,S049,C017,assignment,2024-03-26,26,18,1,False,True,True
L2518,S049,C017,quiz_attempt,2024-03-27,21,25,1,False,False,True
L2487,S049,C018,video_watch,2024-02-10,59,5,1,True,False,False
L2500,S049,C020,video_watch,2024-03-02,34,12,1,True,False,False
L2501,S049,C020,assignment,2024-03-07,29,18,1,False,True,True
L2502,S049,C020,quiz_attempt,2024-03-12,24,25,1,False,False,True
L2504,S049,C023,video_watch,2024-02-07,24,12,1,True,False,False
L2505,S049,C023,assignment,2024-02-28,20,18,1,False,True,True
L2506,S049,C023,quiz_attempt,2024-03-22,17,25,1,False,False,True
L2507,S049,C024,video_watch,2024-03-23,36,5,1,True,False,False
L2478,S049,C025,video_watch,2024-01-14,26,12,1,True,False,False
L2479,S049,C025,video_watch,2024-01-16,23,25,1,True,False,False
L2480,S049,C025,assignment,2024-01-18,21,37,2,False,True,True
L2481,S049,C025,quiz_attempt,2024-01-20,18,50,2,False,False,True
L2482,S049,C026,video_watch,2024-01-22,41,5,1,True,False,False
L2497,S049,C028,video_watch,2024-02-01,17,12,1,True,False,False
L2498,S049,C028,assignment,2024-02-17,15,18,1,False,True,True
L2499,S049,C028,quiz_attempt,2024-03-07,12,25,1,False,False,True
L2483,S049,C031,video_watch,2024-01-25,18,12,1,True,False,False
L2484,S049,C031,video_watch,2024-01-29,16,29,2,True,False,False
L2485,S049,C031,assignment,2024-02-02,14,46,2,False,True,True
L2486,S049,C031,video_watch,2024-02-07,13,63,3,True,False,False
L2508,S049,C032,video_watch,2024-03-06,27,12,1,True,False,False
L2509,S049,C032,video_watch,2024-03-11,24,28,2,True,False,False
L2510,S049,C032,assignment,2024-03-17,21,43,2,False,True,True
L2511,S049,C032,quiz_attempt,2024-03-23,19,59,3,False,False,True
L2512,S049,C033,video_watch,2024-02-25,10,12,1,True,False,False
L2513,S049,C033,assignment,2024-03-12,10,18,1,False,True,True
L2514,S049,C033,quiz_attempt,2024-03-24,10,25,1,False,False,True
L2541,S050,C001,video_watch,2024-03-06,17,5,1,True,False,False
L2542,S050,C001,video_watch,2024-03-08,15,5,1,True,False,False
L2543,S050,C001,quiz_attempt,2024-03-10,12,5,1,False,False,True
L2563,S050,C002,video_watch,2024-03-28,83,5,1,True,False,False
L2523,S050,C003,video_watch,2024-01-21,11,12,1,True,False,False
L2524,S050,C003,video_watch,2024-01-27,10,27,2,True,False,False
L2525,S050,C003,assignment,2024-01-30,10,43,2,False,True,True
L2526,S050,C003,quiz_attempt,2024-02-05,10,58,3,False,False,True
L2544,S050,C004,video_watch,2024-01-30,27,12,1,True,False,False
L2545,S050,C004,assignment,2024-02-19,23,18,1,False,True,True
L2546,S050,C004,quiz_attempt,2024-03-09,19,25,1,False,False,True
L2547,S050,C005,video_watch,2024-01-30,10,12,1,True,False,False
L2548,S050,C005,video_watch,2024-02-15,10,34,2,True,False,False
L2549,S050,C005,assignment,2024-02-29,10,57,3,False,True,True
L2550,S050,C005,quiz_attempt,2024-03-11,10,79,4,False,False,True
L2522,S050,C006,video_watch,2024-01-29,46,5,1,True,False,False
L2538,S050,C008,video_watch,2024-03-08,34,5,1,True,False,False
L2539,S050,C008,video_watch,2024-03-08,29,5,1,True,False,False
L2540,S050,C008,quiz_attempt,2024-03-08,24,5,1,False,False,True
L2554,S050,C012,video_watch,2024-03-16,77,5,1,True,False,False
L2559,S050,C013,video_watch,2024-03-22,51,5,1,True,False,False
L2564,S050,C018,video_watch,2024-03-30,82,5,1,True,False,False
L2551,S050,C020,video_watch,2024-01-22,33,12,1,True,False,False
L2552,S050,C020,assignment,2024-02-17,28,18,1,False,True,True
L2553,S050,C020,quiz_attempt,2024-03-12,23,25,1,False,False,True
L2530,S050,C021,video_watch,2024-02-28,48,5,1,True,False,False
L2560,S050,C025,video_watch,2024-02-25,37,12,1,True,False,False
L2561,S050,C025,assignment,2024-03-09,31,18,1,False,True,True
L2562,S050,C025,quiz_attempt,2024-03-23,26,25,1,False,False,True
L2534,S050,C027,video_watch,2024-02-08,17,12,1,True,False,False
L2535,S050,C027,assignment,2024-02-20,14,18,1,False,True,True
L2536,S050,C027,quiz_attempt,2024-03-03,12,25,1,False,False,True
L2555,S050,C029,video_watch,2024-01-02,16,12,1,True,False,False
L2556,S050,C029,video_watch,2024-01-23,14,29,2,True,False,False
L2557,S050,C029,assignment,2024-02-21,13,46,2,False,True,True
L2558,S050,C029,quiz_attempt,2024-03-21,11,63,3,False,False,True
L2531,S050,C031,video_watch,2024-02-05,35,12,1,True,False,False
L2532,S050,C031,assignment,2024-02-15,29,18,1,False,True,True
L2533,S050,C031,quiz_attempt,2024-02-29,24,25,1,False,False,True
L2537,S050,C032,video_watch,2024-03-06,46,5,1,True,False,False
L2527,S050,C035,video_watch,2024-01-09,25,12,1,True,False,False
L2528,S050,C035,assignment,2024-01-27,22,18,1,False,True,True
L2529,S050,C035,quiz_attempt,2024-02-19,18,25,1,False,False,True
L2565,S051,C001,video_watch,2024-03-31,39,5,1,True,False,False
L2566,S051,C001,video_watch,2024-03-31,28,5,1,True,False,False
L2567,S051,C004,video_watch,2024-03-31,10,12,1,True,False,False
L2568,S051,C004,video_watch,2024-03-31,10,33,2,True,False,False
L2569,S051,C004,assignment,2024-03-31,10,54,3,False,True,True
L2570,S051,C004,video_watch,2024-03-31,10,75,3,True,False,False
L2571,S051,C006,video_watch,2024-03-31,22,12,1,True,False,False
L2572,S051,C006,assignment,2024-03-31,19,18,1,False,True,True
L2573,S051,C006,quiz_attempt,2024-03-31,16,25,1,False,False,True
L2574,S051,C007,video_watch,2024-03-31,11,12,1,True,False,False
L2575,S051,C007,assignment,2024-03-31,10,18,1,False,True,True
L2576,S051,C007,quiz_attempt,2024-03-31,10,25,1,False,False,True
L2577,S051,C008,video_watch,2024-03-31,10,12,1,True,False,False
L2578,S051,C008,video_watch,2024-03-31,10,24,1,True,False,False
L2579,S051,C008,assignment,2024-03-31,10,36,2,False,True,True
L2580,S051,C008,quiz_attempt,2024-03-31,10,48,2,False,False,True
L2581,S051,C010,video_watch,2024-03-31,15,12,1,True,False,False
L2582,S051,C010,video_watch,2024-03-31,13,24,1,True,False,False
L2583,S051,C010,assignment,2024-03-31,12,37,2,False,True,True
L2584,S051,C010,video_watch,2024-03-31,10,49,2,True,False,False
L2585,S051,C014,video_watch,2024-03-31,13,12,1,True,False,False
L2586,S051,C014,video_watch,2024-03-31,12,33,2,True,False,False
L2587,S051,C014,assignment,2024-03-31,10,54,3,False,True,True
L2588,S051,C014,quiz_attempt,2024-03-31,10,75,3,False,False,True
L2589,S051,C016,video_watch,2024-03-31,27,12,1,True,False,False
L2590,S051,C016,video_watch,2024-03-31,24,23,1,True,False,False
L2591,S051,C016,assignment,2024-03-31,21,34,2,False,True,True
L2592,S051,C016,video_watch,2024-03-31,19,45,2,True,False,False
L2593,S051,C017,video_watch,2024-03-31,23,12,1,True,False,False
L2594,S051,C017,assignment,2024-03-31,19,18,1,False,True,True
L2595,S051,C017,quiz_attempt,2024-03-31,16,25,1,False,False,True
L2596,S051,C019,video_watch,2024-03-31,11,12,1,True,False,False
L2597,S051,C019,video_watch,2024-03-31,10,27,2,True,False,False
L2598,S051,C019,assignment,2024-03-31,10,42,2,False,True,True
L2599,S051,C019,video_watch,2024-03-31,10,57,3,True,False,False
L2600,S051,C020,video_watch,2024-03-31,37,12,1,True,False,False
L2601,S051,C020,assignment,2024-03-31,31,18,1,False,True,True
L2602,S051,C020,quiz_attempt,2024-03-31,26,25,1,False,False,True
L2603,S051,C025,video_watch,2024-03-31,29,5,1,True,False,False
L2604,S051,C029,video_watch,2024-03-31,29,5,1,True,False,False
L2605,S051,C031,video_watch,2024-03-31,17,12,1,True,False,False
L2606,S051,C031,assignment,2024-03-31,14,18,1,False,True,True
L2607,S051,C031,quiz_attempt,2024-03-31,12,25,1,False,False,True
L2608,S052,C001,video_watch,2024-01-25,28,5,1,True,False,False
L2614,S052,C002,video_watch,2024-02-04,10,12,1,True,False,False
L2615,S052,C002,video_watch,2024-02-08,10,28,2,True,False,False
L2616,S052,C002,assignment,2024-02-12,10,44,2,False,True,True
L2617,S052,C002,video_watch,2024-02-17,10,60,3,True,False,False
L2627,S052,C003,video_watch,2024-03-02,72,5,1,True,False,False
L2609,S052,C007,video_watch,2024-01-27,22,5,1,True,False,False
L2633,S052,C008,video_watch,2024-01-17,12,12,1,True,False,False
L2634,S052,C008,assignment,2024-02-14,10,18,1,False,True,True
L2635,S052,C008,quiz_attempt,2024-03-16,10,25,1,False,False,True
L2629,S052,C009,video_watch,2024-02-22,15,12,1,True,False,False
L2630,S052,C009,video_watch,2024-02-27,14,33,2,True,False,False
L2631,S052,C009,assignment,2024-03-02,12,53,3,False,True,True
L2632,S052,C009,video_watch,2024-03-07,11,74,3,True,False,False
L2611,S052,C011,video_watch,2024-01-19,10,12,1,True,False,False
L2612,S052,C011,assignment,2024-01-31,10,18,1,False,True,True
L2613,S052,C011,quiz_attempt,2024-02-12,10,25,1,False,False,True
L2639,S052,C013,video_watch,2024-03-17,22,12,1,True,False,False
L2640,S052,C013,video_watch,2024-03-20,20,33,2,True,False,False
L2641,S052,C013,assignment,2024-03-24,17,54,3,False,True,True
L2642,S052,C013,video_watch,2024-03-30,15,75,3,True,False,False
L2636,S052,C014,video_watch,2024-01-26,14,12,1,True,False,False
L2637,S052,C014,assignment,2024-02-27,12,18,1,False,True,True
L2638,S052,C014,quiz_attempt,2024-03-23,10,25,1,False,False,True
L2618,S052,C019,video_watch,2024-02-03,19,12,1,True,False,False
L2619,S052,C019,video_watch,2024-02-09,17,30,2,True,False,False
L2620,S052,C019,assignment,2024-02-14,15,48,2,False,True,True
L2621,S052,C019,quiz_attempt,2024-02-20,13,66,3,False,False,True
L2628,S052,C020,video_watch,2024-03-05,97,5,1,True,False,False
L2610,S052,C023,video_watch,2024-02-02,88,5,1,True,False,False
L2626,S052,C026,video_watch,2024-02-23,29,5,1,True,False,False
L2622,S052,C030,video_watch,2024-02-09,29,12,1,True,False,False
L2623,S052,C030,video_watch,2024-02-12,26,34,2,True,False,False
L2624,S052,C030,assignment,2024-02-18,23,57,3,False,True,True
L2625,S052,C030,quiz_attempt,2024-02-22,20,79,4,False,False,True
L2646,S053,C002,video_watch,2024-01-11,24,12,1,True,False,False
L2647,S053,C002,video_watch,2024-01-14,22,24,1,True,False,False
L2648,S053,C002,assignment,2024-01-18,19,36,2,False,True,True
L2649,S053,C002,quiz_attempt,2024-01-22,17,48,2,False,False,True
L2671,S053,C003,video_watch,2024-03-06,27,5,1,True,False,False
L2659,S053,C006,video_watch,2024-02-21,33,5,1,True,False,False
L2655,S053,C009,video_watch,2024-02-10,49,5,1,True,False,False
L2664,S053,C012,video_watch,2024-02-19,13,12,1,True,False,False
L2665,S053,C012,video_watch,2024-02-24,12,31,2,True,False,False
L2666,S053,C012,assignment,2024-02-28,11,50,2,False,True,True
L2667,S053,C012,quiz_attempt,2024-03-02,10,69,3,False,False,True
L2676,S053,C015,video_watch,2024-02-08,30,12,1,True,False,False
L2677,S053,C015,assignment,2024-02-28,25,18,1,False,True,True
L2678,S053,C015,quiz_attempt,2024-03-18,21,25,1,False,False,True
L2668,S053,C018,video_watch,2024-02-14,17,12,1,True,False,False
L2669,S053,C018,assignment,2024-02-24,15,18,1,False,True,True
L2670,S053,C018,quiz_attempt,2024-03-03,12,25,1,False,False,True
L2684,S053,C021,video_watch,2024-03-13,36,12,1,True,False,False
L2685,S053,C021,assignment,2024-03-19,30,18,1,False,True,True
L2686,S053,C021,quiz_attempt,2024-03-27,25,25,1,False,False,True
L2672,S053,C022,video_watch,2024-02-03,16,12,1,True,False,False
L2673,S053,C022,video_watch,2024-02-12,14,25,1,True,False,False
L2674,S053,C022,assignment,2024-02-25,13,38,2,False,True,True
L2675,S053,C022,quiz_attempt,2024-03-09,11,51,3,False,False,True
L2660,S053,C023,video_watch,2024-02-14,10,12,1,True,False,False
L2661,S053,C023,video_watch,2024-02-19,10,34,2,True,False,False
L2662,S053,C023,assignment,2024-02-22,10,56,3,False,True,True
L2663,S053,C023,video_watch,2024-02-27,10,78,4,True,False,False
L2656,S053,C024,video_watch,2024-01-06,24,12,1,True,False,False
L2657,S053,C024,assignment,2024-01-23,20,18,1,False,True,True
L2658,S053,C024,quiz_attempt,2024-02-11,17,25,1,False,False,True
L2679,S053,C025,video_watch,2024-03-06,16,12,1,True,False,False
L2680,S053,C025,video_watch,2024-03-09,14,28,2,True,False,False
L2681,S053,C025,assignment,2024-03-14,13,43,2,False,True,True
L2682,S053,C025,video_watch,2024-03-18,11,59,3,True,False,False
L2650,S053,C027,video_watch,2024-01-20,10,12,1,True,False,False
L2651,S053,C027,video_watch,2024-01-24,10,32,2,True,False,False
L2652,S053,C027,assignment,2024-01-29,10,53,3,False,True,True
L2653,S053,C027,video_watch,2024-02-02,10,73,3,True,False,False
L2683,S053,C030,video_watch,2024-03-22,81,5,1,True,False,False
L2643,S053,C032,video_watch,2024-01-01,34,12,1,True,False,False
L2644,S053,C032,assignment,2024-01-01,29,18,1,False,True,True
L2645,S053,C032,quiz_attempt,2024-01-02,24,25,1,False,False,True
L2654,S053,C035,video_watch,2024-02-05,88,5,1,True,False,False
L2725,S054,C002,video_watch,2024-02-05,32,12,1,True,False,False
L2726,S054,C002,assignment,2024-02-29,28,18,1,False,True,True
L2727,S054,C002,quiz_attempt,2024-03-27,23,25,1,False,False,True
L2707,S054,C005,video_watch,2024-01-06,23,12,1,True,False,False
L2708,S054,C005,assignment,2024-02-06,20,18,1,False,True,True
L2709,S054,C005,quiz_attempt,2024-02-29,16,25,1,False,False,True
L2689,S054,C009,video_watch,2024-01-21,37,12,1,True,False,False
L2690,S054,C009,assignment,2024-01-30,31,18,1,False,True,True
L2691,S054,C009,quiz_attempt,2024-02-09,26,25,1,False,False,True
L2715,S054,C011,video_watch,2024-01-08,24,12,1,True,False,False
L2716,S054,C011,video_watch,2024-01-26,22,31,2,True,False,False
L2717,S054,C011,assignment,2024-02-20,19,51,3,False,True,True
L2718,S054,C011,quiz_attempt,2024-03-05,17,70,3,False,False,True
L2698,S054,C012,video_watch,2024-02-13,10,12,1,True,False,False
L2699,S054,C012,video_watch,2024-02-17,10,29,2,True,False,False
L2700,S054,C012,assignment,2024-02-22,10,47,2,False,True,True
L2701,S054,C012,quiz_attempt,2024-02-26,10,64,3,False,False,True
L2728,S054,C013,video_watch,2024-01-07,19,12,1,True,False,False
L2729,S054,C013,assignment,2024-02-11,16,18,1,False,True,True
L2730,S054,C013,quiz_attempt,2024-03-29,13,25,1,False,False,True
L2710,S054,C015,video_watch,2024-01-27,10,12,1,True,False,False
L2711,S054,C015,video_watch,2024-02-06,10,24,1,True,False,False
L2712,S054,C015,assignment,2024-02-22,10,35,2,False,True,True
L2713,S054,C015,quiz_attempt,2024-03-03,10,47,2,False,False,True
L2688,S054,C016,video_watch,2024-01-24,21,5,1,True,False,False
L2724,S054,C017,video_watch,2024-03-20,82,5,1,True,False,False
L2687,S054,C019,video_watch,2024-01-08,87,5,1,True,False,False
L2697,S054,C020,video_watch,2024-02-25,33,5,1,True,False,False
L2706,S054,C021,video_watch,2024-03-01,25,5,1,True,False,False
L2696,S054,C023,video_watch,2024-02-24,36,5,1,True,False,False
L2702,S054,C024,video_watch,2024-01-29,24,12,1,True,False,False
L2703,S054,C024,video_watch,2024-02-09,22,24,1,True,False,False
L2704,S054,C024,assignment,2024-02-17,19,37,2,False,True,True
L2705,S054,C024,quiz_attempt,2024-02-27,17,49,2,False,False,True
L2720,S054,C025,video_watch,2024-01-23,10,12,1,True,False,False
L2721,S054,C025,video_watch,2024-02-05,10,31,2,True,False,False
L2722,S054,C025,assignment,2024-02-20,10,51,3,False,True,True
L2723,S054,C025,quiz_attempt,2024-03-11,10,70,3,False,False,True
L2692,S054,C031,video_watch,2024-01-15,27,12,1,True,False,False
L2693,S054,C031,video_watch,2024-01-25,25,26,2,True,False,False
L2694,S054,C031,assignment,2024-02-09,22,39,2,False,True,True
L2695,S054,C031,quiz_attempt,2024-02-23,19,53,3,False,False,True
L2714,S054,C033,video_watch,2024-03-05,57,5,1,True,False,False
L2731,S054,C034,video_watch,2024-01-09,26,12,1,True,False,False
L2732,S054,C034,video_watch,2024-02-01,23,33,2,True,False,False
L2733,S054,C034,assignment,2024-02-26,21,55,3,False,True,True
L2734,S054,C034,quiz_attempt,2024-03-31,18,76,4,False,False,True
L2719,S054,C035,video_watch,2024-03-10,32,5,1,True,False,False
L2760,S055,C001,video_watch,2024-02-23,12,12,1,True,False,False
L2761,S055,C001,video_watch,2024-03-03,11,30,2,True,False,False
L2762,S055,C001,assignment,2024-03-08,10,48,2,False,True,True
L2763,S055,C001,quiz_attempt,2024-03-16,10,66,3,False,False,True
L2738,S055,C002,video_watch,2024-01-21,23,5,1,True,False,False
L2739,S055,C008,video_watch,2024-01-17,23,12,1,True,False,False
L2740,S055,C008,assignment,2024-01-24,19,18,1,False,True,True
L2741,S055,C008,quiz_attempt,2024-02-04,16,25,1,False,False,True
L2754,S055,C010,video_watch,2024-01-29,22,12,1,True,False,False
L2755,S055,C010,assignment,2024-02-16,19,18,1,False,True,True
L2756,S055,C010,quiz_attempt,2024-03-07,16,25,1,False,False,True
L2737,S055,C011,video_watch,2024-01-10,21,5,1,True,False,False
L2767,S055,C012,video_watch,2024-02-22,16,12,1,True,False,False
L2768,S055,C012,assignment,2024-03-09,13,18,1,False,True,True
L2769,S055,C012,quiz_attempt,2024-03-22,11,25,1,False,False,True
L2770,S055,C013,video_watch,2024-03-23,22,12,1,True,False,False
L2771,S055,C013,assignment,2024-03-24,18,18,1,False,True,True
L2772,S055,C013,quiz_attempt,2024-03-26,15,25,1,False,False,True
L2764,S055,C016,video_watch,2024-01-25,17,12,1,True,False,False
L2765,S055,C016,assignment,2024-02-22,14,18,1,False,True,True
L2766,S055,C016,quiz_attempt,2024-03-17,12,25,1,False,False,True
L2773,S055,C017,video_watch,2024-01-20,10,12,1,True,False,False
L2774,S055,C017,video_watch,2024-02-08,10,29,2,True,False,False
L2775,S055,C017,assignment,2024-03-09,10,45,2,False,True,True
L2776,S055,C017,quiz_attempt,2024-03-28,10,62,3,False,False,True
L2749,S055,C018,video_watch,2024-02-07,36,5,1,True,False,False
L2735,S055,C021,video_watch,2024-01-09,94,5,1,True,False,False
L2736,S055,C025,video_watch,2024-01-09,43,5,1,True,False,False
L2750,S055,C026,video_watch,2024-01-13,27,12,1,True,False,False
L2751,S055,C026,video_watch,2024-01-24,24,29,2,True,False,False
L2752,S055,C026,assignment,2024-02-05,21,46,2,False,True,True
L2753,S055,C026,quiz_attempt,2024-02-16,19,63,3,False,False,True
L2745,S055,C029,video_watch,2024-01-09,28,12,1,True,False,False
L2746,S055,C029,video_watch,2024-01-16,25,27,2,True,False,False
L2747,S055,C029,assignment,2024-01-27,23,42,2,False,True,True
L2748,S055,C029,quiz_attempt,2024-02-05,20,57,3,False,False,True
L2757,S055,C033,video_watch,2024-03-07,14,12,1,True,False,False
L2758,S055,C033,assignment,2024-03-11,12,18,1,False,True,True
L2759,S055,C033,quiz_attempt,2024-03-15,10,25,1,False,False,True
L2742,S055,C035,video_watch,2024-01-03,18,12,1,True,False,False
L2743,S055,C035,assignment,2024-01-18,15,18,1,False,True,True
L2744,S055,C035,quiz_attempt,2024-02-04,13,25,1,False,False,True
L2800,S056,C002,video_watch,2024-02-21,50,5,1,True,False,False
L2778,S056,C003,video_watch,2024-01-06,51,5,1,True,False,False
L2795,S056,C004,video_watch,2024-02-12,36,5,1,True,False,False
L2787,S056,C005,video_watch,2024-01-27,27,12,1,True,False,False
L2788,S056,C005,video_watch,2024-01-31,24,23,1,True,False,False
L2789,S056,C005,assignment,2024-02-03,22,34,2,False,True,True
L2790,S056,C005,video_watch,2024-02-07,19,45,2,True,False,False
L2804,S056,C008,video_watch,2024-02-23,59,5,1,True,False,False
L2777,S056,C010,video_watch,2024-01-04,47,5,1,True,False,False
L2791,S056,C011,video_watch,2024-01-25,29,12,1,True,False,False
L2792,S056,C011,video_watch,2024-01-29,26,30,2,True,False,False
L2793,S056,C011,assignment,2024-02-04,23,48,2,False,True,True
L2794,S056,C011,quiz_attempt,2024-02-09,20,66,3,False,False,True
L2779,S056,C014,video_watch,2024-01-08,64,5,1,True,False,False
L2786,S056,C015,video_watch,2024-02-06,62,5,1,True,False,False
L2785,S056,C017,video_watch,2024-02-04,84,5,1,True,False,False
L2830,S056,C018,video_watch,2024-01-25,18,12,1,True,False,False
L2831,S056,C018,video_watch,2024-02-15,16,30,2,True,False,False
L2832,S056,C018,assignment,2024-03-04,14,47,2,False,True,True
L2833,S056,C018,quiz_attempt,2024-03-26,12,65,3,False,False,True
L2816,S056,C020,video_watch,2024-02-14,10,12,1,True,False,False
L2817,S056,C020,video_watch,2024-02-27,10,23,1,True,False,False
L2818,S056,C020,assignment,2024-03-07,10,34,2,False,True,True
L2819,S056,C020,quiz_attempt,2024-03-19,10,45,2,False,False,True
L2823,S056,C022,video_watch,2024-03-12,11,12,1,True,False,False
L2824,S056,C022,video_watch,2024-03-15,10,29,2,True,False,False
L2825,S056,C022,assignment,2024-03-20,10,47,2,False,True,True
L2826,S056,C022,video_watch,2024-03-25,10,64,3,True,False,False
L2780,S056,C023,video_watch,2024-01-19,54,5,1,True,False,False
L2801,S056,C026,video_watch,2024-01-26,17,12,1,True,False,False
L2802,S056,C026,assignment,2024-02-10,15,18,1,False,True,True
L2803,S056,C026,quiz_attempt,2024-02-21,12,25,1,False,False,True
L2809,S056,C027,video_watch,2024-01-28,10,12,1,True,False,False
L2810,S056,C027,video_watch,2024-02-08,10,34,2,True,False,False
L2811,S056,C027,assignment,2024-03-04,10,55,3,False,True,True
L2812,S056,C027,quiz_attempt,2024-03-16,10,77,4,False,False,True
L2827,S056,C028,video_watch,2024-02-27,31,12,1,True,False,False
L2828,S056,C028,assignment,2024-03-12,26,18,1,False,True,True
L2829,S056,C028,quiz_attempt,2024-03-29,22,25,1,False,False,True
L2796,S056,C029,video_watch,2024-02-02,22,12,1,True,False,False
L2797,S056,C029,video_watch,2024-02-06,20,26,2,True,False,False
L2798,S056,C029,assignment,2024-02-11,17,39,2,False,True,True
L2799,S056,C029,video_watch,2024-02-14,15,53,3,True,False,False
L2820,S056,C030,video_watch,2024-02-02,26,12,1,True,False,False
L2821,S056,C030,assignment,2024-02-24,22,18,1,False,True,True
L2822,S056,C030,quiz_attempt,2024-03-22,18,25,1,False,False,True
L2781,S056,C031,video_watch,2024-01-11,10,12,1,True,False,False
L2782,S056,C031,video_watch,2024-01-15,10,24,1,True,False,False
L2783,S056,C031,assignment,2024-01-19,10,35,2,False,True,True
L2784,S056,C031,video_watch,2024-01-21,10,47,2,True,False,False
L2813,S056,C034,video_watch,2024-01-30,37,12,1,True,False,False
L2814,S056,C034,assignment,2024-02-24,31,18,1,False,True,True
L2815,S056,C034,quiz_attempt,2024-03-20,26,25,1,False,False,True
L2805,S056,C035,video_watch,2024-02-20,10,12,1,True,False,False
L2806,S056,C035,video_watch,2024-02-25,10,33,2,True,False,False
L2807,S056,C035,assignment,2024-02-28,10,53,3,False,True,True
L2808,S056,C035,video_watch,2024-03-03,10,74,3,True,False,False
L2846,S057,C003,video_watch,2024-02-24,68,5,1,True,False,False
L2868,S057,C005,video_watch,2024-03-23,31,12,1,True,False,False
L2869,S057,C005,assignment,2024-03-24,26,18,1,False,True,True
L2870,S057,C005,quiz_attempt,2024-03-25,22,25,1,False,False,True
L2871,S057,C008,video_watch,2024-03-29,53,5,1,True,False,False
L2867,S057,C012,video_watch,2024-03-24,90,5,1,True,False,False
L2847,S057,C013,video_watch,2024-01-09,21,12,1,True,False,False
L2848,S057,C013,assignment,2024-02-04,18,18,1,False,True,True
L2849,S057,C013,quiz_attempt,2024-02-24,15,25,1,False,False,True
L2842,S057,C014,video_watch,2024-02-01,10,12,1,True,False,False
L2843,S057,C014,assignment,2024-02-06,10,18,1,False,True,True
L2844,S057,C014,quiz_attempt,2024-02-12,10,25,1,False,False,True
L2858,S057,C015,video_watch,2024-03-04,31,12,1,True,False,False
L2859,S057,C015,assignment,2024-03-09,27,18,1,False,True,True
L2860,S057,C015,quiz_attempt,2024-03-15,22,25,1,False,False,True
L2854,S057,C017,video_watch,2024-02-20,19,12,1,True,False,False
L2855,S057,C017,video_watch,2024-02-27,17,27,2,True,False,False
L2856,S057,C017,assignment,2024-03-05,15,41,2,False,True,True
L2857,S057,C017,quiz_attempt,2024-03-13,14,56,3,False,False,True
L2845,S057,C018,video_watch,2024-02-15,94,5,1,True,False,False
L2873,S057,C020,video_watch,2024-03-13,16,12,1,True,False,False
L2874,S057,C020,assignment,2024-03-21,13,18,1,False,True,True
L2875,S057,C020,quiz_attempt,2024-03-30,11,25,1,False,False,True
L2850,S057,C023,video_watch,2024-02-27,27,12,1,True,False,False
L2851,S057,C023,video_watch,2024-03-02,24,28,2,True,False,False
L2852,S057,C023,assignment,2024-03-07,21,45,2,False,True,True
L2853,S057,C023,video_watch,2024-03-11,19,61,3,True,False,False
L2872,S057,C024,video_watch,2024-03-29,35,5,1,True,False,False
L2834,S057,C025,video_watch,2024-01-04,23,12,1,True,False,False
L2835,S057,C025,video_watch,2024-01-08,21,28,2,True,False,False
L2836,S057,C025,assignment,2024-01-12,18,44,2,False,True,True
L2837,S057,C025,video_watch,2024-01-17,16,60,3,True,False,False
L2879,S057,C026,video_watch,2024-03-20,10,12,1,True,False,False
L2880,S057,C026,video_watch,2024-03-23,10,31,2,True,False,False
L2881,S057,C026,assignment,2024-03-27,10,51,3,False,True,True
L2882,S057,C026,video_watch,2024-03-31,10,70,3,True,False,False
L2838,S057,C027,video_watch,2024-01-25,55,5,1,True,False,False
L2839,S057,C028,video_watch,2024-01-25,52,5,1,True,False,False
L2876,S057,C029,video_watch,2024-03-10,18,12,1,True,False,False
L2877,S057,C029,assignment,2024-03-20,15,18,1,False,True,True
L2878,S057,C029,quiz_attempt,2024-03-30,13,25,1,False,False,True
L2864,S057,C030,video_watch,2024-02-22,11,12,1,True,False,False
L2865,S057,C030,assignment,2024-03-05,10,18,1,False,True,True
L2866,S057,C030,quiz_attempt,2024-03-20,10,25,1,False,False,True
L2841,S057,C031,video_watch,2024-02-01,53,5,1,True,False,False
L2840,S057,C033,video_watch,2024-01-26,41,5,1,True,False,False
L2861,S057,C035,video_watch,2024-02-25,22,12,1,True,False,False
L2862,S057,C035,assignment,2024-03-04,18,18,1,False,True,True
L2863,S057,C035,quiz_attempt,2024-03-15,15,25,1,False,False,True
L2897,S058,C002,video_watch,2024-03-14,88,5,1,True,False,False
L2887,S058,C011,video_watch,2024-02-18,58,5,1,True,False,False
L2885,S058,C012,video_watch,2024-02-06,46,5,1,True,False,False
L2914,S058,C013,video_watch,2024-02-19,13,12,1,True,False,False
L2915,S058,C013,assignment,2024-03-09,11,18,1,False,True,True
L2916,S058,C013,quiz_attempt,2024-03-29,10,25,1,False,False,True
L2904,S058,C015,video_watch,2024-02-28,12,12,1,True,False,False
L2905,S058,C015,assignment,2024-03-12,10,18,1,False,True,True
L2906,S058,C015,quiz_attempt,2024-03-24,10,25,1,False,False,True
L2888,S058,C019,video_watch,2024-02-25,10,12,1,True,False,False
L2889,S058,C019,video_watch,2024-03-01,10,34,2,True,False,False
L2890,S058,C019,assignment,2024-03-06,10,57,3,False,True,True
L2891,S058,C019,video_watch,2024-03-10,10,79,4,True,False,False
L2898,S058,C021,video_watch,2024-02-10,18,12,1,True,False,False
L2899,S058,C021,assignment,2024-02-29,15,18,1,False,True,True
L2900,S058,C021,quiz_attempt,2024-03-16,12,25,1,False,False,True
L2883,S058,C022,video_watch,2024-01-20,52,5,1,True,False,False
L2892,S058,C023,video_watch,2024-02-27,29,12,1,True,False,False
L2893,S058,C023,video_watch,2024-03-03,26,23,1,True,False,False
L2894,S058,C023,assignment,2024-03-07,23,34,2,False,True,True
L2895,S058,C023,quiz_attempt,2024-03-11,20,45,2,False,False,True
L2884,S058,C024,video_watch,2024-02-02,72,5,1,True,False,False
L2901,S058,C025,video_watch,2024-02-19,10,12,1,True,False,False
L2902,S058,C025,assignment,2024-03-05,10,18,1,False,True,True
L2903,S058,C025,quiz_attempt,2024-03-19,10,25,1,False,False,True
L2886,S058,C027,video_watch,2024-02-14,72,5,1,True,False,False
L2911,S058,C028,video_watch,2024-03-03,34,12,1,True,False,False
L2912,S058,C028,assignment,2024-03-15,29,18,1,False,True,True
L2913,S058,C028,quiz_attempt,2024-03-28,24,25,1,False,False,True
L2907,S058,C029,video_watch,2024-02-24,16,12,1,True,False,False
L2908,S058,C029,video_watch,2024-03-04,15,23,1,True,False,False
L2909,S058,C029,assignment,2024-03-14,13,34,2,False,True,True
L2910,S058,C029,quiz_attempt,2024-03-27,11,45,2,False,False,True
L2896,S058,C032,video_watch,2024-03-13,96,5,1,True,False,False
L2917,S058,C035,video_watch,2024-03-31,32,5,1,True,False,False
L2923,S059,C001,video_watch,2024-01-05,10,12,1,True,False,False
L2924,S059,C001,video_watch,2024-01-19,10,23,1,True,False,False
L2925,S059,C001,assignment,2024-01-28,10,35,2,False,True,True
L2926,S059,C001,quiz_attempt,2024-02-09,10,46,2,False,False,True
L2937,S059,C011,video_watch,2024-03-15,60,5,1,True,False,False
L2920,S059,C014,video_watch,2024-01-23,35,12,1,True,False,False
L2921,S059,C014,assignment,2024-01-31,29,18,1,False,True,True
L2922,S059,C014,quiz_attempt,2024-02-06,24,25,1,False,False,True
L2941,S059,C017,video_watch,2024-03-07,19,12,1,True,False,False
L2942,S059,C017,video_watch,2024-03-11,17,30,2,True,False,False
L2943,S059,C017,assignment,2024-03-16,15,48,2,False,True,True
L2944,S059,C017,video_watch,2024-03-20,13,66,3,True,False,False
L2927,S059,C018,video_watch,2024-02-14,58,5,1,True,False,False
L2918,S059,C019,video_watch,2024-01-08,80,5,1,True,False,False
L2919,S059,C020,video_watch,2024-02-01,75,5,1,True,False,False
L2938,S059,C021,video_watch,2024-03-03,14,12,1,True,False,False
L2939,S059,C021,assignment,2024-03-09,12,18,1,False,True,True
L2940,S059,C021,quiz_attempt,2024-03-14,10,25,1,False,False,True
L2933,S059,C025,video_watch,2024-02-21,13,12,1,True,False,False
L2934,S059,C025,video_watch,2024-02-28,12,23,1,True,False,False
L2935,S059,C025,assignment,2024-03-06,10,34,2,False,True,True
L2936,S059,C025,quiz_attempt,2024-03-13,10,45,2,False,False,True
L2929,S059,C028,video_watch,2024-02-07,22,12,1,True,False,False
L2930,S059,C028,video_watch,2024-02-13,20,30,2,True,False,False
L2931,S059,C028,assignment,2024-02-22,18,47,2,False,True,True
L2932,S059,C028,quiz_attempt,2024-03-02,15,65,3,False,False,True
L2949,S059,C032,video_watch,2024-03-24,18,12,1,True,False,False
L2950,S059,C032,video_watch,2024-03-27,16,24,1,True,False,False
L2951,S059,C032,assignment,2024-03-29,15,35,2,False,True,True
L2952,S059,C032,video_watch,2024-03-31,13,47,2,True,False,False
L2945,S059,C033,video_watch,2024-03-15,16,12,1,True,False,False
L2946,S059,C033,video_watch,2024-03-19,14,23,1,True,False,False
L2947,S059,C033,assignment,2024-03-23,13,34,2,False,True,True
L2948,S059,C033,video_watch,2024-03-26,11,45,2,True,False,False
L2928,S059,C034,video_watch,2024-02-17,50,5,1,True,False,False
L2953,S059,C035,video_watch,2024-03-22,19,12,1,True,False,False
L2954,S059,C035,video_watch,2024-03-24,17,31,2,True,False,False
L2955,S059,C035,assignment,2024-03-29,15,49,2,False,True,True
L2956,S059,C035,video_watch,2024-03-31,13,68,3,True,False,False
L2975,S060,C001,video_watch,2024-02-27,52,5,1,True,False,False
L2976,S060,C002,video_watch,2024-03-06,67,5,1,True,False,False
L2978,S060,C005,video_watch,2024-03-16,42,5,1,True,False,False
L2958,S060,C008,video_watch,2024-01-12,17,12,1,True,False,False
L2959,S060,C008,video_watch,2024-01-17,15,28,2,True,False,False
L2960,S060,C008,assignment,2024-01-26,14,45,2,False,True,True
L2961,S060,C008,quiz_attempt,2024-02-01,12,61,3,False,False,True
L2979,S060,C009,video_watch,2024-02-29,17,12,1,True,False,False
L2980,S060,C009,video_watch,2024-03-09,15,23,1,True,False,False
L2981,S060,C009,assignment,2024-03-16,14,35,2,False,True,True
L2982,S060,C009,quiz_attempt,2024-03-24,12,46,2,False,False,True
L2966,S060,C011,video_watch,2024-02-15,62,5,1,True,False,False
L2962,S060,C014,video_watch,2024-01-06,22,12,1,True,False,False
L2963,S060,C014,assignment,2024-01-18,19,18,1,False,True,True
L2964,S060,C014,quiz_attempt,2024-02-02,16,25,1,False,False,True
L2967,S060,C015,video_watch,2024-02-15,89,5,1,True,False,False
L2983,S060,C016,video_watch,2024-03-13,10,12,1,True,False,False
L2984,S060,C016,video_watch,2024-03-17,10,27,2,True,False,False
L2985,S060,C016,assignment,2024-03-22,10,42,2,False,True,True
L2986,S060,C016,video_watch,2024-03-24,10,57,3,True,False,False
L2991,S060,C018,video_watch,2024-03-13,26,12,1,True,False,False
L2992,S060,C018,video_watch,2024-03-19,23,33,2,True,False,False
L2993,S060,C018,assignment,2024-03-22,21,53,3,False,True,True
L2994,S060,C018,video_watch,2024-03-27,18,74,3,True,False,False
L2957,S060,C019,video_watch,2024-01-24,70,5,1,True,False,False
L2995,S060,C022,video_watch,2024-02-15,23,12,1,True,False,False
L2996,S060,C022,assignment,2024-03-05,19,18,1,False,True,True
L2997,S060,C022,quiz_attempt,2024-03-29,16,25,1,False,False,True
L2998,S060,C023,video_watch,2024-01-14,27,12,1,True,False,False
L2999,S060,C023,assignment,2024-02-27,23,18,1,False,True,True
L3000,S060,C023,quiz_attempt,2024-03-31,19,25,1,False,False,True
L2968,S060,C025,video_watch,2024-01-24,36,12,1,True,False,False
L2969,S060,C025,assignment,2024-02-05,31,18,1,False,True,True
L2970,S060,C025,quiz_attempt,2024-02-15,25,25,1,False,False,True
L2965,S060,C026,video_watch,2024-02-06,42,5,1,True,False,False
L2987,S060,C029,video_watch,2024-01-23,11,12,1,True,False,False
L2988,S060,C029,video_watch,2024-02-10,10,31,2,True,False,False
L2989,S060,C029,assignment,2024-02-28,10,50,2,False,True,True
L2990,S060,C029,quiz_attempt,2024-03-25,10,69,3,False,False,True
L2971,S060,C032,video_watch,2024-01-30,20,12,1,True,False,False
L2972,S060,C032,video_watch,2024-02-06,18,28,2,True,False,False
L2973,S060,C032,assignment,2024-02-14,16,45,2,False,True,True
L2974,S060,C032,quiz_attempt,2024-02-18,14,61,3,False,False,True
