enrollment_id,student_id,course_id,enrollment_date,status,progress_percentage,last_accessed
E001,S001,C001,2024-01-15,completed,100.0,2024-01-22
E114,S001,C002,2024-03-31,active,5.0,2024-03-31
E115,S001,C004,2024-03-31,active,25.0,2024-03-31
SE0116,S001,C005,2024-01-03,active,50.0,2024-03-19
E123,S001,C006,2024-03-29,active,25.0,2024-03-31
E124,S001,C010,2024-02-13,active,5.0,2024-03-17
E125,S001,C012,2024-02-19,active,25.0,2024-03-20
SE0117,S001,C013,2024-01-15,active,71.0,2024-03-04
E126,S001,C014,2024-01-10,active,5.0,2024-01-10
E127,S001,C017,2024-01-11,active,25.0,2024-03-26
E128,S001,C019,2024-02-12,active,5.0,2024-02-12
SE0118,S001,C022,2024-01-21,active,77.0,2024-03-31
E129,S001,C027,2024-02-09,active,5.0,2024-02-09
E130,S001,C028,2024-03-20,active,25.0,2024-03-30
E131,S001,C029,2024-03-30,active,25.0,2024-03-30
E132,S001,C030,2024-02-08,active,5.0,2024-02-17
E133,S001,C035,2024-03-04,active,5.0,2024-03-04
E134,S002,C001,2024-02-08,active,25.0,2024-03-08
SE0119,S002,C003,2024-03-13,active,46.0,2024-03-24
E005,S002,C005,2024-01-12,active,58.0,2024-01-22
E135,S002,C007,2024-03-29,active,25.0,2024-03-31
E136,S002,C011,2024-01-12,active,25.0,2024-03-20
SE0120,S002,C012,2024-01-04,active,45.0,2024-02-27
SE0121,S002,C013,2024-02-01,active,63.0,2024-03-27
E137,S002,C014,2024-03-07,active,5.0,2024-03-07
E138,S002,C018,2024-01-07,active,25.0,2024-02-07
SE0122,S002,C019,2024-01-13,active,46.0,2024-02-29
E139,S002,C020,2024-02-24,active,5.0,2024-02-24
SE0123,S002,C021,2024-01-25,active,58.0,2024-02-19
E140,S002,C022,2024-02-21,active,25.0,2024-03-14
E141,S002,C023,2024-03-25,active,5.0,2024-03-25
SE0124,S002,C026,2024-02-04,active,76.0,2024-03-15
E142,S002,C029,2024-02-21,active,5.0,2024-03-27
E143,S002,C033,2024-02-28,active,5.0,2024-02-28
SE0125,S002,C034,2024-02-12,active,76.0,2024-02-29
E008,S003,C001,2024-01-20,active,15.0,2024-01-28
E116,S003,C002,2024-03-25,active,25.0,2026-04-19
E144,S003,C003,2024-01-23,active,5.0,2024-02-16
E145,S003,C004,2024-01-30,active,25.0,2024-03-10
SE0126,S003,C005,2024-01-09,active,79.0,2024-02-18
E146,S003,C006,2024-02-19,active,5.0,2024-02-19
E147,S003,C007,2024-02-03,active,5.0,2024-03-04
E148,S003,C009,2024-01-08,active,25.0,2024-01-24
SE0127,S003,C010,2024-01-02,active,49.0,2024-02-02
E149,S003,C012,2024-02-26,active,5.0,2024-02-26
E150,S003,C013,2024-01-06,active,5.0,2024-01-06
SE0128,S003,C014,2024-01-22,active,73.0,2024-02-05
E151,S003,C016,2024-01-04,active,5.0,2024-01-04
SE0129,S003,C018,2024-01-26,active,79.0,2024-03-30
E152,S003,C019,2024-01-04,active,25.0,2024-03-28
SE0130,S003,C023,2024-02-09,active,76.0,2024-03-13
E153,S003,C028,2024-03-01,active,25.0,2024-03-13
SE0131,S003,C029,2024-03-02,active,59.0,2024-03-14
E154,S003,C031,2024-02-12,active,5.0,2024-02-12
SE0132,S003,C033,2024-03-10,active,50.0,2024-03-22
E155,S003,C034,2024-03-19,active,5.0,2024-03-19
E010,S004,C001,2024-01-14,completed,100.0,2024-01-24
E156,S004,C007,2024-02-08,active,25.0,2024-03-18
SE0133,S004,C008,2024-02-09,active,79.0,2024-03-22
E157,S004,C009,2024-02-10,active,25.0,2024-03-15
SE0134,S004,C010,2024-01-08,active,72.0,2024-01-22
SE0135,S004,C011,2024-01-04,active,72.0,2024-02-26
SE0136,S004,C012,2024-03-05,active,51.0,2024-03-17
SE0137,S004,C013,2024-01-19,active,48.0,2024-01-30
E158,S004,C014,2024-02-10,active,5.0,2024-02-10
E159,S004,C017,2024-02-09,active,5.0,2024-02-09
E160,S004,C021,2024-03-14,active,25.0,2024-03-23
E161,S004,C022,2024-03-07,active,25.0,2024-03-17
SE0138,S004,C023,2024-02-10,active,64.0,2024-03-01
E162,S004,C024,2024-02-13,active,5.0,2024-03-18
SE0139,S004,C025,2024-01-27,active,74.0,2024-02-06
E163,S004,C026,2024-02-25,active,5.0,2024-02-29
E164,S004,C027,2024-02-14,active,25.0,2024-03-05
SE0140,S004,C030,2024-01-09,active,46.0,2024-01-21
E165,S004,C031,2024-01-06,active,25.0,2024-03-03
E166,S004,C032,2024-01-18,active,5.0,2024-01-18
E167,S004,C033,2024-01-08,active,25.0,2024-03-18
E168,S004,C035,2024-02-19,active,5.0,2024-02-19
E169,S005,C004,2024-01-22,active,5.0,2024-01-22
E012,S005,C005,2024-01-08,completed,100.0,2024-01-18
SE0141,S005,C009,2024-02-24,active,45.0,2024-03-24
E170,S005,C010,2024-01-02,active,25.0,2024-02-29
SE0142,S005,C012,2024-01-12,active,51.0,2024-01-24
E171,S005,C014,2024-01-31,active,25.0,2024-03-12
SE0143,S005,C015,2024-01-23,active,79.0,2024-02-06
SE0144,S005,C016,2024-02-22,active,76.0,2024-03-10
E172,S005,C020,2024-01-02,active,5.0,2024-01-02
E173,S005,C021,2024-01-19,active,5.0,2024-01-19
E174,S005,C022,2024-02-28,active,5.0,2024-02-28
E014,S005,C025,2024-01-10,completed,100.0,2024-01-22
E175,S005,C026,2024-03-26,active,5.0,2024-03-26
E176,S005,C028,2024-01-13,active,25.0,2024-03-09
E177,S005,C030,2024-02-25,active,5.0,2024-02-25
SE0145,S005,C031,2024-01-27,active,45.0,2024-02-06
E178,S005,C034,2024-02-06,active,5.0,2024-02-06
E015,S006,C001,2024-02-01,active,54.0,2024-02-08
E179,S006,C002,2024-02-20,active,5.0,2024-02-20
E180,S006,C004,2024-02-01,active,5.0,2024-02-01
SE0146,S006,C009,2024-03-16,active,45.0,2024-03-31
SE0147,S006,C011,2024-02-27,active,45.0,2024-03-25
E181,S006,C013,2024-01-31,active,25.0,2024-02-24
E182,S006,C015,2024-03-05,active,5.0,2024-03-05
E183,S006,C016,2024-03-25,active,25.0,2024-03-30
E184,S006,C021,2024-03-14,active,5.0,2024-03-14
SE0148,S006,C024,2024-02-09,active,63.0,2024-02-22
SE0149,S006,C025,2024-03-22,active,53.0,2024-03-31
E185,S006,C026,2024-02-01,active,5.0,2024-02-01
E186,S006,C031,2024-02-07,active,25.0,2024-03-22
SE0150,S006,C032,2024-03-12,active,46.0,2024-03-23
SE0151,S006,C033,2024-01-14,active,65.0,2024-02-28
SE0152,S006,C035,2024-02-19,active,55.0,2024-03-02
E187,S007,C001,2024-02-22,active,5.0,2024-02-22
SE0153,S007,C002,2024-01-18,active,56.0,2024-03-01
E188,S007,C003,2024-02-20,active,25.0,2024-03-19
E017,S007,C005,2024-01-05,completed,100.0,2024-01-14
E020,S007,C007,2024-01-22,active,5.0,2024-01-22
E189,S007,C009,2024-01-04,active,25.0,2024-01-07
SE0154,S007,C010,2024-02-28,active,55.0,2024-03-24
E190,S007,C011,2024-02-16,active,5.0,2024-02-16
SE0155,S007,C013,2024-01-04,active,50.0,2024-01-16
E191,S007,C014,2024-03-28,active,25.0,2024-03-28
SE0156,S007,C018,2024-03-17,active,58.0,2024-03-29
E192,S007,C021,2024-03-20,active,5.0,2024-03-20
E193,S007,C022,2024-01-29,active,5.0,2024-01-29
E194,S007,C023,2024-01-05,active,5.0,2024-01-05
E195,S007,C024,2024-03-25,active,25.0,2024-03-27
E019,S007,C025,2024-01-07,completed,100.0,2024-01-18
E196,S007,C026,2024-03-18,active,5.0,2024-03-30
SE0157,S007,C027,2024-01-27,active,50.0,2024-02-20
SE0158,S007,C028,2024-01-20,active,45.0,2024-03-06
E197,S007,C029,2024-02-24,active,5.0,2024-02-24
SE0159,S007,C030,2024-02-04,active,79.0,2024-02-18
E198,S007,C032,2024-03-13,active,25.0,2024-03-20
SE0160,S008,C002,2024-01-02,active,66.0,2024-03-16
E199,S008,C003,2024-01-13,active,25.0,2024-02-03
SE0161,S008,C005,2024-02-08,active,60.0,2024-03-29
SE0162,S008,C006,2024-01-21,active,45.0,2024-01-31
E022,S008,C009,2024-01-26,active,64.0,2024-02-03
E200,S008,C011,2024-01-03,active,5.0,2024-03-11
SE0163,S008,C014,2024-03-21,active,45.0,2024-03-31
E201,S008,C016,2024-01-01,active,5.0,2024-03-04
SE0164,S008,C021,2024-01-06,active,55.0,2024-01-18
E202,S008,C022,2024-01-27,active,5.0,2024-01-27
E203,S008,C023,2024-01-16,active,5.0,2024-01-16
E204,S008,C027,2024-02-24,active,25.0,2024-03-17
E205,S008,C029,2024-02-13,active,25.0,2024-03-10
E206,S008,C030,2024-01-12,active,25.0,2024-02-13
E207,S008,C031,2024-03-29,active,5.0,2024-03-29
E208,S008,C032,2024-01-07,active,5.0,2024-01-07
SE0165,S008,C033,2024-02-11,active,68.0,2024-02-27
SE0166,S008,C035,2024-01-12,active,47.0,2024-01-23
E209,S009,C004,2024-01-11,active,25.0,2024-02-13
SE0167,S009,C005,2024-01-26,active,52.0,2024-02-17
E210,S009,C006,2024-02-27,active,25.0,2024-03-28
E024,S009,C008,2024-01-18,completed,100.0,2024-01-28
E211,S009,C009,2024-02-11,active,5.0,2024-02-11
E212,S009,C010,2024-01-15,active,5.0,2024-01-15
E213,S009,C012,2024-01-19,active,5.0,2024-03-22
SE0168,S009,C013,2024-02-04,active,45.0,2024-02-18
E214,S009,C015,2024-03-18,active,25.0,2024-03-30
E215,S009,C016,2024-02-14,active,5.0,2024-02-14
E216,S009,C018,2024-02-27,active,25.0,2024-03-02
SE0169,S009,C025,2024-02-02,active,51.0,2024-03-24
E217,S009,C026,2024-02-20,active,5.0,2024-02-20
SE0170,S009,C029,2024-01-11,active,47.0,2024-02-24
SE0171,S009,C033,2024-01-02,active,51.0,2024-02-27
SE0172,S009,C034,2024-02-14,active,45.0,2024-02-24
SE0173,S009,C035,2024-01-22,active,77.0,2024-02-05
SE0174,S010,C001,2024-01-04,active,45.0,2024-01-13
E218,S010,C004,2024-03-12,active,5.0,2024-03-12
E219,S010,C005,2024-03-18,active,25.0,2024-03-23
E220,S010,C009,2024-03-24,active,25.0,2024-03-25
E221,S010,C010,2024-03-01,active,5.0,2024-03-01
E222,S010,C011,2024-02-27,active,5.0,2024-03-20
E223,S010,C013,2024-02-27,active,25.0,2024-03-15
E028,S010,C015,2024-01-13,completed,100.0,2024-01-24
E224,S010,C016,2024-03-06,active,5.0,2024-03-06
SE0175,S010,C018,2024-01-04,active,45.0,2024-01-29
E225,S010,C021,2024-01-02,active,25.0,2024-03-31
E226,S010,C022,2024-03-11,active,5.0,2024-03-11
E029,S010,C024,2024-01-14,active,49.0,2024-01-26
SE0176,S010,C028,2024-03-13,active,46.0,2024-03-24
E227,S010,C029,2024-01-09,active,25.0,2024-02-16
E228,S010,C031,2024-01-27,active,25.0,2024-02-09
E030,S011,C001,2024-02-05,active,63.0,2024-02-12
SE0177,S011,C004,2024-02-18,active,58.0,2024-03-10
SE0178,S011,C006,2024-01-03,active,67.0,2024-01-10
SE0179,S011,C008,2024-03-11,active,79.0,2024-03-25
E229,S011,C011,2024-01-10,active,25.0,2024-03-02
SE0180,S011,C012,2024-01-29,active,73.0,2024-02-19
E230,S011,C013,2024-01-25,active,5.0,2024-02-09
E231,S011,C016,2024-01-24,active,25.0,2024-03-14
E232,S011,C018,2024-01-19,active,5.0,2024-01-19
E233,S011,C019,2024-03-11,active,5.0,2024-03-11
E234,S011,C020,2024-03-31,active,5.0,2024-03-31
E235,S011,C022,2024-02-10,active,25.0,2024-03-30
SE0181,S011,C023,2024-01-05,active,55.0,2024-03-04
E236,S011,C024,2024-01-31,active,25.0,2024-03-15
E237,S011,C027,2024-02-05,active,25.0,2024-03-14
SE0182,S011,C028,2024-01-11,active,71.0,2024-03-26
E238,S011,C029,2024-02-28,active,25.0,2024-03-26
E239,S011,C030,2024-02-18,active,25.0,2024-03-24
SE0183,S011,C031,2024-01-18,active,79.0,2024-03-03
E240,S011,C032,2024-02-26,active,25.0,2024-03-17
E241,S011,C033,2024-02-09,active,5.0,2024-02-09
SE0184,S012,C001,2024-01-16,active,45.0,2024-01-26
E242,S012,C002,2024-02-09,active,25.0,2024-03-26
E031,S012,C004,2024-01-15,completed,100.0,2024-01-26
E243,S012,C006,2024-01-09,active,25.0,2024-03-25
SE0185,S012,C007,2024-01-27,active,70.0,2024-02-28
E244,S012,C008,2024-03-19,active,25.0,2024-03-26
E245,S012,C009,2024-01-29,active,25.0,2024-02-11
SE0186,S012,C010,2024-03-06,active,65.0,2024-03-19
E246,S012,C011,2024-03-02,active,5.0,2024-03-02
SE0187,S012,C012,2024-01-26,active,61.0,2024-03-08
E033,S012,C013,2024-01-17,active,45.0,2024-01-30
E247,S012,C018,2024-03-10,active,25.0,2024-03-15
E248,S012,C020,2024-03-17,active,25.0,2024-03-26
SE0188,S012,C023,2024-01-30,active,55.0,2024-02-11
E034,S012,C024,2024-02-02,active,5.0,2024-02-02
E249,S012,C026,2024-03-03,active,25.0,2024-03-12
E250,S012,C027,2024-01-28,active,5.0,2024-01-28
E251,S012,C032,2024-03-20,active,5.0,2024-03-20
E252,S012,C034,2024-03-31,active,5.0,2024-03-31
E253,S012,C035,2024-01-04,active,25.0,2024-01-25
E035,S013,C001,2024-01-22,completed,100.0,2024-02-01
E254,S013,C002,2024-03-24,active,5.0,2024-03-24
SE0189,S013,C005,2024-02-17,active,47.0,2024-03-07
E255,S013,C006,2024-01-05,active,5.0,2024-01-05
E256,S013,C007,2024-03-01,active,25.0,2024-03-06
E257,S013,C009,2024-03-01,active,5.0,2024-03-01
E258,S013,C013,2024-01-09,active,5.0,2024-01-09
E259,S013,C016,2024-01-17,active,5.0,2024-03-17
E036,S013,C018,2024-01-23,active,45.0,2024-02-03
SE0190,S013,C021,2024-02-03,active,59.0,2024-02-15
E260,S013,C025,2024-03-16,active,25.0,2024-03-24
SE0191,S013,C026,2024-01-14,active,78.0,2024-03-29
E261,S013,C030,2024-02-10,active,5.0,2024-02-10
SE0192,S013,C032,2024-02-18,active,78.0,2024-03-03
SE0193,S013,C035,2024-01-01,active,78.0,2024-01-15
E262,S014,C001,2024-02-11,active,5.0,2024-02-11
E263,S014,C002,2024-03-19,active,25.0,2024-03-20
SE0194,S014,C004,2024-01-09,active,45.0,2024-02-09
SE0195,S014,C005,2024-03-15,active,68.0,2024-03-28
E264,S014,C006,2024-02-22,active,5.0,2024-02-22
SE0196,S014,C009,2024-01-27,active,67.0,2024-02-09
E265,S014,C010,2024-03-19,active,5.0,2024-03-19
E266,S014,C012,2024-03-25,active,5.0,2024-03-25
SE0197,S014,C013,2024-02-10,active,48.0,2024-03-10
E267,S014,C014,2024-01-21,active,5.0,2024-01-21
E268,S014,C017,2024-03-22,active,5.0,2024-03-22
SE0198,S014,C018,2024-01-26,active,65.0,2024-02-17
SE0199,S014,C021,2024-03-06,active,58.0,2024-03-27
E039,S014,C023,2024-01-11,active,45.0,2024-01-22
E269,S014,C024,2024-03-05,active,5.0,2024-03-05
SE0200,S014,C025,2024-01-10,active,45.0,2024-03-22
SE0201,S014,C026,2024-01-12,active,71.0,2024-01-25
E270,S014,C027,2024-03-09,active,5.0,2024-03-09
E271,S014,C029,2024-02-25,active,5.0,2024-03-28
E272,S014,C031,2024-01-09,active,25.0,2024-03-08
E273,S014,C032,2024-02-27,active,25.0,2024-03-21
E274,S015,C003,2024-02-10,active,5.0,2024-02-10
E275,S015,C009,2024-02-18,active,5.0,2024-02-21
SE0202,S015,C010,2024-01-03,active,51.0,2024-01-15
E276,S015,C011,2024-02-17,active,5.0,2024-02-17
E277,S015,C013,2024-03-02,active,5.0,2024-03-02
SE0203,S015,C014,2024-01-11,active,47.0,2024-03-16
E278,S015,C018,2024-03-18,active,25.0,2024-03-28
E279,S015,C021,2024-02-08,active,25.0,2024-03-18
E280,S015,C025,2024-01-24,active,25.0,2024-03-29
E281,S015,C029,2024-01-10,active,5.0,2024-01-10
E282,S015,C031,2024-02-26,active,5.0,2024-02-26
E283,S015,C032,2024-01-12,active,5.0,2024-01-12
E284,S015,C033,2024-03-02,active,25.0,2024-03-27
E285,S015,C035,2024-02-07,active,25.0,2024-03-03
E042,S016,C001,2024-01-28,completed,100.0,2024-02-05
E286,S016,C003,2024-03-08,active,5.0,2024-03-08
SE0204,S016,C004,2024-01-29,active,70.0,2024-02-25
E287,S016,C006,2024-01-02,active,25.0,2024-01-09
E288,S016,C009,2024-02-07,active,5.0,2024-02-07
SE0205,S016,C014,2024-02-05,active,63.0,2024-03-01
SE0206,S016,C016,2024-01-20,active,78.0,2024-03-24
E289,S016,C027,2024-02-14,active,25.0,2024-03-02
E290,S016,C028,2024-02-16,active,5.0,2024-02-16
E291,S016,C033,2024-03-18,active,25.0,2024-03-21
E292,S017,C001,2024-02-29,active,25.0,2024-03-18
E293,S017,C005,2024-01-17,active,25.0,2024-03-16
SE0207,S017,C006,2024-03-15,active,45.0,2024-03-26
SE0208,S017,C008,2024-01-26,active,61.0,2024-03-21
E294,S017,C009,2024-01-06,active,5.0,2024-01-06
SE0209,S017,C010,2024-01-11,active,52.0,2024-01-23
SE0210,S017,C011,2024-02-07,active,65.0,2024-02-23
E295,S017,C014,2024-03-15,active,25.0,2024-03-16
E296,S017,C016,2024-02-06,active,25.0,2024-02-22
SE0211,S017,C017,2024-02-06,active,67.0,2024-03-06
E044,S017,C020,2024-01-08,completed,100.0,2024-01-18
E045,S017,C021,2024-01-09,active,55.0,2024-01-20
E297,S017,C024,2024-03-31,active,5.0,2024-03-31
E298,S017,C025,2024-02-21,active,5.0,2024-02-21
E299,S017,C028,2024-01-29,active,25.0,2024-03-22
E300,S017,C029,2024-02-23,active,25.0,2024-03-29
SE0212,S017,C030,2024-01-10,active,79.0,2024-02-13
E301,S017,C032,2024-01-30,active,5.0,2024-01-30
SE0213,S017,C033,2024-01-26,active,59.0,2024-02-29
E302,S017,C035,2024-01-04,active,25.0,2024-02-16
E046,S018,C001,2024-02-08,active,15.0,2024-02-15
E303,S018,C005,2024-02-29,active,25.0,2024-03-09
SE0214,S018,C006,2024-02-21,active,56.0,2024-03-19
SE0215,S018,C009,2024-02-09,active,63.0,2024-03-26
E304,S018,C011,2024-02-22,active,5.0,2024-02-22
E305,S018,C012,2024-01-11,active,5.0,2024-01-11
E306,S018,C013,2024-02-14,active,5.0,2024-02-14
SE0216,S018,C015,2024-02-10,active,45.0,2024-02-21
E307,S018,C018,2024-03-16,active,25.0,2024-03-24
SE0217,S018,C019,2024-01-18,active,46.0,2024-01-29
SE0218,S018,C020,2024-02-08,active,74.0,2024-02-22
E308,S018,C021,2024-01-06,active,25.0,2024-03-26
E309,S018,C026,2024-03-21,active,5.0,2024-03-21
E310,S018,C028,2024-02-16,active,5.0,2024-02-16
SE0219,S018,C030,2024-02-22,active,77.0,2024-03-07
E311,S018,C031,2024-02-14,active,25.0,2024-02-27
SE0220,S018,C033,2024-03-06,active,47.0,2024-03-17
E312,S019,C002,2024-03-18,active,5.0,2024-03-18
E313,S019,C005,2024-03-09,active,5.0,2024-03-09
SE0221,S019,C008,2024-02-24,active,73.0,2024-03-31
E314,S019,C013,2024-03-24,active,25.0,2024-03-28
E315,S019,C014,2024-02-24,active,5.0,2024-02-24
E316,S019,C016,2024-03-04,active,25.0,2024-03-27
E317,S019,C017,2024-02-01,active,25.0,2024-03-28
SE0222,S019,C018,2024-03-15,active,45.0,2024-03-25
E318,S019,C021,2024-02-18,active,25.0,2024-03-05
SE0223,S019,C026,2024-01-06,active,60.0,2024-03-16
E319,S019,C027,2024-02-04,active,5.0,2024-02-11
E320,S019,C028,2024-01-26,active,25.0,2024-03-13
E321,S019,C030,2024-02-22,active,25.0,2024-03-24
E049,S019,C031,2024-01-21,active,63.0,2024-02-01
E322,S019,C033,2024-03-13,active,25.0,2024-03-23
SE0224,S019,C035,2024-03-14,active,62.0,2024-03-27
SE0225,S020,C001,2024-03-15,active,47.0,2024-03-26
E323,S020,C002,2024-02-24,active,5.0,2024-02-24
E324,S020,C003,2024-02-14,active,25.0,2024-03-03
E325,S020,C004,2024-03-10,active,25.0,2024-03-24
SE0226,S020,C005,2024-01-06,active,62.0,2024-01-29
E051,S020,C009,2024-01-26,active,45.0,2024-02-05
SE0227,S020,C011,2024-02-09,active,45.0,2024-03-10
E326,S020,C013,2024-01-28,active,5.0,2024-01-28
E327,S020,C014,2024-03-06,active,25.0,2024-03-26
E328,S020,C015,2024-01-06,active,5.0,2024-01-06
E329,S020,C016,2024-03-19,active,25.0,2024-03-19
SE0228,S020,C017,2024-02-11,active,45.0,2024-03-03
E330,S020,C018,2024-02-05,active,25.0,2024-03-13
SE0229,S020,C020,2024-02-21,active,45.0,2024-03-02
E331,S020,C023,2024-03-11,active,25.0,2024-03-29
SE0230,S020,C024,2024-02-04,active,73.0,2024-03-31
E332,S020,C028,2024-03-03,active,5.0,2024-03-03
E333,S020,C029,2024-03-30,active,5.0,2024-03-30
SE0231,S020,C030,2024-03-09,active,79.0,2024-03-31
SE0232,S020,C031,2024-01-23,active,45.0,2024-02-20
E334,S020,C032,2024-01-27,active,5.0,2024-01-27
SE0233,S020,C033,2024-02-28,active,52.0,2024-03-11
E335,S020,C034,2024-01-05,active,5.0,2024-01-05
E336,S021,C001,2024-03-12,active,25.0,2024-03-26
SE0234,S021,C003,2024-02-25,active,70.0,2024-03-24
E052,S021,C005,2024-01-05,completed,100.0,2024-01-16
E054,S021,C007,2024-01-07,completed,100.0,2024-01-20
SE0235,S021,C015,2024-01-13,active,53.0,2024-01-25
E337,S021,C017,2024-02-21,active,5.0,2024-02-21
E338,S021,C018,2024-02-27,active,25.0,2024-03-18
E339,S021,C019,2024-03-15,active,25.0,2024-03-25
E340,S021,C021,2024-03-21,active,5.0,2024-03-21
SE0236,S021,C023,2024-03-01,active,48.0,2024-03-17
SE0237,S021,C024,2024-02-07,active,73.0,2024-03-27
E341,S021,C026,2024-01-26,active,5.0,2024-03-27
E342,S021,C028,2024-02-18,active,5.0,2024-02-18
SE0238,S021,C030,2024-02-14,active,78.0,2024-03-16
E343,S021,C031,2024-03-28,active,25.0,2024-03-30
E344,S021,C033,2024-03-22,active,5.0,2024-03-22
E345,S021,C035,2024-02-27,active,25.0,2024-03-29
E056,S022,C001,2024-02-13,active,47.0,2024-02-13
E346,S022,C003,2024-02-19,active,25.0,2024-03-10
E347,S022,C004,2024-01-28,active,25.0,2024-03-15
E348,S022,C005,2024-02-24,active,25.0,2024-03-08
E349,S022,C006,2024-03-03,active,25.0,2024-03-23
E350,S022,C012,2024-01-06,active,5.0,2024-03-21
SE0239,S022,C013,2024-02-28,active,45.0,2024-03-20
E351,S022,C014,2024-03-06,active,25.0,2024-03-13
E352,S022,C015,2024-03-02,active,25.0,2024-03-25
SE0240,S022,C016,2024-01-24,active,45.0,2024-02-03
SE0241,S022,C017,2024-01-14,active,69.0,2024-02-24
SE0242,S022,C018,2024-02-02,active,45.0,2024-03-12
SE0243,S022,C019,2024-01-30,active,74.0,2024-02-14
E353,S022,C022,2024-03-17,active,25.0,2024-03-23
E354,S022,C023,2024-03-17,active,25.0,2024-03-23
E355,S022,C024,2024-01-31,active,5.0,2024-01-31
E356,S022,C025,2024-01-23,active,25.0,2024-02-04
E357,S022,C027,2024-01-12,active,5.0,2024-03-12
E358,S022,C029,2024-02-02,active,5.0,2024-02-02
E359,S022,C030,2024-01-10,active,25.0,2024-01-31
E360,S022,C032,2024-02-08,active,5.0,2024-02-08
E057,S023,C001,2024-01-30,completed,100.0,2024-02-08
E361,S023,C008,2024-03-09,active,5.0,2024-03-09
E362,S023,C014,2024-02-20,active,25.0,2024-02-22
SE0244,S023,C015,2024-02-09,active,58.0,2024-02-21
SE0245,S023,C016,2024-01-21,active,53.0,2024-02-02
E058,S023,C018,2024-01-31,active,49.0,2024-02-10
SE0246,S023,C019,2024-01-21,active,56.0,2024-03-12
SE0247,S023,C020,2024-03-13,active,56.0,2024-03-25
E363,S023,C021,2024-02-10,active,5.0,2024-03-22
SE0248,S023,C022,2024-02-21,active,63.0,2024-03-09
E364,S023,C025,2024-01-20,active,5.0,2024-01-20
E365,S023,C026,2024-03-04,active,5.0,2024-03-04
E366,S023,C027,2024-02-11,active,5.0,2024-02-11
E367,S023,C029,2024-03-15,active,5.0,2024-03-15
E368,S023,C031,2024-01-10,active,5.0,2024-01-10
E369,S023,C032,2024-02-02,active,25.0,2024-02-18
SE0249,S023,C035,2024-02-07,active,45.0,2024-02-28
SE0250,S024,C001,2024-01-04,active,58.0,2024-02-01
E370,S024,C002,2024-02-09,active,5.0,2024-02-09
E371,S024,C003,2024-01-19,active,25.0,2024-03-29
E059,S024,C005,2024-01-02,completed,100.0,2024-01-14
E060,S024,C006,2024-01-03,completed,100.0,2024-01-16
E372,S024,C008,2024-03-29,active,5.0,2024-03-29
E373,S024,C010,2024-02-28,active,25.0,2024-03-11
E374,S024,C015,2024-02-19,active,5.0,2024-02-19
SE0251,S024,C016,2024-03-17,active,58.0,2024-03-29
E375,S024,C019,2024-02-12,active,25.0,2024-02-27
SE0252,S024,C021,2024-01-31,active,75.0,2024-02-14
SE0253,S024,C022,2024-01-03,active,45.0,2024-01-18
E376,S024,C024,2024-01-29,active,25.0,2024-01-30
SE0254,S024,C026,2024-01-04,active,45.0,2024-01-26
E377,S024,C030,2024-01-02,active,5.0,2024-02-16
SE0255,S024,C031,2024-01-25,active,76.0,2024-02-08
E378,S024,C032,2024-03-04,active,5.0,2024-03-04
E379,S024,C035,2024-01-15,active,5.0,2024-01-15
E380,S025,C003,2024-01-20,active,5.0,2024-01-20
E381,S025,C004,2024-01-24,active,25.0,2024-03-18
SE0256,S025,C005,2024-01-22,active,53.0,2024-02-15
E382,S025,C006,2024-02-18,active,5.0,2024-02-18
SE0257,S025,C008,2024-01-10,active,53.0,2024-03-29
E383,S025,C012,2024-03-01,active,25.0,2024-03-04
SE0258,S025,C014,2024-01-19,active,48.0,2024-01-30
SE0259,S025,C015,2024-02-12,active,61.0,2024-02-25
E384,S025,C017,2024-02-22,active,25.0,2024-03-06
E385,S025,C018,2024-03-17,active,5.0,2024-03-17
SE0260,S025,C020,2024-01-26,active,58.0,2024-03-09
E386,S025,C022,2024-02-21,active,25.0,2024-03-17
SE0261,S025,C024,2024-03-06,active,48.0,2024-03-27
E387,S025,C025,2024-02-25,active,5.0,2024-02-25
E388,S025,C026,2024-02-25,active,5.0,2024-02-25
E389,S025,C027,2024-01-18,active,25.0,2024-03-08
SE0262,S025,C032,2024-01-18,active,59.0,2024-02-28
E390,S025,C035,2024-03-14,active,25.0,2024-03-27
E391,S026,C001,2024-02-13,active,5.0,2024-02-22
E064,S026,C004,2024-01-18,completed,100.0,2024-01-28
E392,S026,C005,2024-02-22,active,25.0,2024-03-21
E393,S026,C007,2024-01-04,active,25.0,2024-03-19
E394,S026,C008,2024-01-27,active,25.0,2024-02-23
E395,S026,C012,2024-01-07,active,5.0,2024-01-07
SE0263,S026,C018,2024-01-03,active,53.0,2024-01-15
E396,S026,C020,2024-03-25,active,5.0,2024-03-25
E397,S026,C021,2024-03-10,active,5.0,2024-03-10
E398,S026,C027,2024-01-15,active,25.0,2024-01-22
E399,S026,C028,2024-01-22,active,25.0,2024-02-25
SE0264,S026,C033,2024-02-28,active,65.0,2024-03-16
E400,S026,C034,2024-02-25,active,25.0,2024-03-13
SE0265,S027,C004,2024-01-06,active,63.0,2024-02-07
E401,S027,C005,2024-03-23,active,25.0,2024-03-29
E402,S027,C008,2024-03-15,active,5.0,2024-03-15
E403,S027,C010,2024-03-12,active,25.0,2024-03-25
E404,S027,C014,2024-02-10,active,5.0,2024-02-17
E405,S027,C017,2024-01-21,active,5.0,2024-01-21
E406,S027,C018,2024-02-06,active,25.0,2024-03-30
E407,S027,C022,2024-03-02,active,5.0,2024-03-03
E408,S027,C023,2024-03-17,active,5.0,2024-03-17
E409,S027,C024,2024-03-16,active,5.0,2024-03-16
E410,S027,C026,2024-02-18,active,5.0,2024-03-06
SE0266,S027,C027,2024-03-13,active,45.0,2024-03-23
SE0267,S027,C029,2024-01-27,active,48.0,2024-03-24
SE0268,S027,C031,2024-02-25,active,48.0,2024-03-27
E411,S027,C033,2024-02-20,active,5.0,2024-02-20
E412,S028,C001,2024-03-07,active,25.0,2024-03-25
E413,S028,C002,2024-02-11,active,5.0,2024-02-11
E414,S028,C003,2024-01-13,active,25.0,2024-03-27
SE0269,S028,C004,2024-02-23,active,58.0,2024-03-06
SE0270,S028,C005,2024-01-14,active,45.0,2024-01-25
E415,S028,C006,2024-03-03,active,5.0,2024-03-03
E416,S028,C012,2024-02-10,active,5.0,2024-02-10
E417,S028,C013,2024-01-07,active,5.0,2024-03-12
E418,S028,C016,2024-02-03,active,25.0,2024-02-21
E419,S028,C017,2024-01-19,active,25.0,2024-02-15
SE0271,S028,C020,2024-02-12,active,46.0,2024-02-23
E068,S028,C022,2024-01-12,completed,100.0,2024-01-22
E069,S028,C023,2024-01-13,active,46.0,2024-01-24
E420,S028,C025,2024-02-18,active,5.0,2024-03-30
E421,S028,C026,2024-01-29,active,5.0,2024-02-05
SE0272,S028,C030,2024-01-13,active,75.0,2024-02-16
SE0273,S028,C032,2024-02-05,active,45.0,2024-03-10
SE0274,S028,C034,2024-01-28,active,62.0,2024-03-19
E070,S029,C001,2024-02-18,active,5.0,2024-02-26
SE0275,S029,C003,2024-02-12,active,62.0,2024-02-25
SE0276,S029,C004,2024-01-01,active,71.0,2024-01-15
E422,S029,C005,2024-02-23,active,25.0,2024-03-24
E423,S029,C006,2024-01-11,active,25.0,2024-01-13
E424,S029,C008,2024-03-07,active,25.0,2024-03-27
SE0277,S029,C009,2024-01-16,active,77.0,2024-01-25
E425,S029,C015,2024-02-20,active,25.0,2024-03-29
E426,S029,C017,2024-03-07,active,5.0,2024-03-07
E427,S029,C019,2024-01-03,active,25.0,2024-03-31
E428,S029,C020,2024-01-18,active,5.0,2024-01-18
SE0278,S029,C022,2024-03-04,active,52.0,2024-03-16
SE0279,S029,C024,2024-02-08,active,45.0,2024-02-18
SE0280,S029,C028,2024-03-01,active,48.0,2024-03-31
E429,S029,C032,2024-01-02,active,25.0,2024-03-26
E430,S029,C033,2024-02-05,active,25.0,2024-03-31
SE0281,S029,C035,2024-02-02,active,60.0,2024-02-15
E431,S030,C001,2024-01-17,active,25.0,2024-03-18
SE0282,S030,C002,2024-03-14,active,61.0,2024-03-27
SE0283,S030,C003,2024-02-23,active,45.0,2024-03-04
E432,S030,C005,2024-02-11,active,5.0,2024-02-11
E433,S030,C006,2024-02-19,active,5.0,2024-02-19
E434,S030,C007,2024-03-20,active,25.0,2024-03-31
E435,S030,C008,2024-01-07,active,25.0,2024-03-24
SE0284,S030,C010,2024-01-25,active,49.0,2024-02-17
SE0285,S030,C014,2024-02-21,active,45.0,2024-03-06
SE0286,S030,C018,2024-02-11,active,45.0,2024-03-08
E436,S030,C020,2024-01-27,active,5.0,2024-01-27
SE0287,S030,C023,2024-02-21,completed,100.0,2024-03-07
E437,S030,C026,2024-01-23,active,5.0,2024-01-23
E438,S030,C029,2024-03-28,active,5.0,2024-03-28
E439,S030,C030,2024-03-24,active,25.0,2024-03-26
E073,S030,C031,2024-01-23,active,46.0,2024-02-03
E440,S030,C032,2024-01-26,active,5.0,2024-03-28
E441,S030,C035,2024-01-07,active,5.0,2024-03-09
E442,S031,C002,2024-01-08,active,5.0,2024-01-08
SE0288,S031,C006,2024-01-01,active,56.0,2024-01-05
E443,S031,C007,2024-01-15,active,5.0,2024-01-15
SE0289,S031,C009,2024-02-27,active,48.0,2024-03-19
SE0290,S031,C010,2024-01-01,active,45.0,2024-01-03
SE0291,S031,C011,2024-03-05,active,56.0,2024-03-26
SE0292,S031,C012,2024-02-17,active,52.0,2024-02-29
SE0293,S031,C014,2024-01-13,active,61.0,2024-01-26
SE0294,S031,C015,2024-01-30,active,45.0,2024-02-09
SE0295,S031,C016,2024-03-12,active,73.0,2024-03-27
SE0296,S031,C019,2024-03-04,active,46.0,2024-03-15
E075,S031,C021,2024-01-11,active,53.0,2024-01-22
SE0297,S031,C023,2024-01-27,active,75.0,2024-02-10
E444,S031,C025,2024-02-02,active,25.0,2024-03-09
E445,S031,C027,2024-01-25,active,25.0,2024-02-26
SE0298,S031,C030,2024-03-07,active,45.0,2024-03-18
SE0299,S031,C033,2024-01-25,active,73.0,2024-03-25
SE0300,S031,C034,2024-03-23,active,45.0,2024-03-31
SE0301,S031,C035,2024-01-18,active,45.0,2024-03-19
E446,S032,C001,2024-02-26,active,5.0,2024-02-26
E447,S032,C002,2024-01-15,active,5.0,2024-01-15
E448,S032,C003,2024-03-22,active,5.0,2024-03-22
E449,S032,C006,2024-03-09,active,25.0,2024-03-29
E077,S032,C010,2024-02-07,active,45.0,2024-02-21
E450,S032,C011,2024-02-09,active,5.0,2024-03-27
SE0302,S032,C013,2024-03-05,active,45.0,2024-03-30
E451,S032,C015,2024-01-20,active,25.0,2024-01-23
SE0303,S032,C020,2024-02-15,active,72.0,2024-02-29
E452,S032,C023,2024-02-04,active,5.0,2024-02-04
E453,S032,C024,2024-03-10,active,25.0,2024-03-29
SE0304,S032,C030,2024-03-06,active,45.0,2024-03-16
SE0305,S032,C035,2024-02-17,active,45.0,2024-03-02
E454,S033,C002,2024-01-11,active,25.0,2024-01-30
E455,S033,C006,2024-03-04,active,25.0,2024-03-07
E456,S033,C007,2024-01-11,active,25.0,2024-03-26
SE0306,S033,C011,2024-02-23,active,53.0,2024-03-20
E457,S033,C012,2024-01-18,active,25.0,2024-03-11
E458,S033,C014,2024-02-11,active,5.0,2024-02-11
E459,S033,C016,2024-03-03,active,25.0,2024-03-30
SE0307,S033,C017,2024-01-18,active,66.0,2024-01-31
SE0308,S033,C021,2024-01-13,active,45.0,2024-03-03
E460,S033,C024,2024-01-03,active,5.0,2024-01-13
E461,S033,C026,2024-02-15,active,5.0,2024-02-15
E462,S033,C027,2024-03-01,active,25.0,2024-03-25
E463,S033,C028,2024-02-05,active,5.0,2024-02-05
E464,S033,C029,2024-02-15,active,5.0,2024-02-15
E465,S033,C030,2024-03-04,active,5.0,2024-03-04
SE0309,S033,C032,2024-03-04,active,63.0,2024-03-18
E466,S033,C033,2024-03-06,active,5.0,2024-03-06
E467,S033,C035,2024-02-15,active,5.0,2024-02-15
E468,S034,C001,2024-02-23,active,25.0,2024-03-26
SE0310,S034,C006,2024-01-05,active,56.0,2024-02-22
SE0311,S034,C009,2024-02-15,active,45.0,2024-02-29
E469,S034,C010,2024-03-12,active,25.0,2024-03-15
SE0312,S034,C012,2024-02-23,active,45.0,2024-03-04
E470,S034,C013,2024-03-21,active,25.0,2024-03-24
E471,S034,C014,2024-01-08,active,25.0,2024-02-23
SE0313,S034,C018,2024-01-21,active,76.0,2024-02-14
E472,S034,C019,2024-02-15,active,25.0,2024-03-23
E473,S034,C020,2024-01-21,active,25.0,2024-02-04
SE0314,S034,C022,2024-01-23,active,45.0,2024-02-03
E081,S034,C026,2024-01-26,active,18.0,2024-02-03
E474,S034,C028,2024-01-23,active,25.0,2024-02-02
E475,S034,C032,2024-02-17,active,5.0,2024-02-17
SE0315,S034,C033,2024-01-18,active,60.0,2024-02-18
E476,S035,C001,2024-01-05,active,5.0,2024-03-13
SE0316,S035,C002,2024-02-09,active,57.0,2024-03-01
E477,S035,C003,2024-03-26,active,5.0,2024-03-26
E478,S035,C006,2024-02-23,active,5.0,2024-02-23
E479,S035,C007,2024-02-23,active,25.0,2024-03-18
SE0317,S035,C010,2024-03-14,active,60.0,2024-03-27
SE0318,S035,C011,2024-02-16,active,52.0,2024-02-28
E082,S035,C013,2024-01-12,completed,100.0,2024-01-22
SE0319,S035,C016,2024-01-16,active,45.0,2024-03-22
SE0320,S035,C018,2024-01-17,active,64.0,2024-01-30
E480,S035,C020,2024-02-18,active,25.0,2024-03-01
E481,S035,C023,2024-01-04,active,25.0,2024-01-09
E482,S035,C028,2024-01-07,active,25.0,2024-03-05
E483,S035,C029,2024-02-09,active,25.0,2024-03-17
E083,S035,C030,2024-01-13,active,53.0,2024-01-24
E484,S035,C031,2024-03-01,active,5.0,2024-03-01
E485,S035,C032,2024-02-08,active,25.0,2024-03-15
SE0321,S036,C003,2024-01-05,active,73.0,2024-01-19
SE0322,S036,C004,2024-01-10,active,73.0,2024-01-24
E486,S036,C007,2024-02-23,active,25.0,2024-03-31
SE0323,S036,C009,2024-01-05,active,73.0,2024-03-04
E487,S036,C010,2024-02-26,active,25.0,2024-03-26
E488,S036,C011,2024-01-09,active,5.0,2024-01-09
SE0324,S036,C012,2024-01-29,active,62.0,2024-02-11
E489,S036,C013,2024-01-12,active,5.0,2024-01-12
E490,S036,C014,2024-02-05,active,5.0,2024-02-05
E491,S036,C015,2024-01-18,active,5.0,2024-01-18
E492,S036,C016,2024-02-12,active,25.0,2024-03-03
SE0325,S036,C018,2024-01-10,active,75.0,2024-01-24
E493,S036,C020,2024-01-21,active,5.0,2024-01-21
SE0326,S036,C022,2024-03-23,active,78.0,2024-03-31
E494,S036,C023,2024-03-02,active,5.0,2024-03-09
SE0327,S036,C025,2024-03-04,active,56.0,2024-03-16
SE0328,S036,C026,2024-02-01,active,45.0,2024-02-12
E495,S036,C027,2024-02-06,active,5.0,2024-02-20
E496,S036,C028,2024-03-24,active,5.0,2024-03-24
E085,S036,C029,2024-02-23,active,15.0,2024-02-23
E497,S036,C032,2024-01-11,active,25.0,2024-02-17
E086,S037,C001,2024-01-30,completed,100.0,2024-02-08
SE0329,S037,C002,2024-01-15,active,55.0,2024-02-24
E498,S037,C003,2024-02-23,active,5.0,2024-02-23
E499,S037,C004,2024-01-31,active,5.0,2024-01-31
SE0330,S037,C005,2024-03-11,active,70.0,2024-03-25
E500,S037,C011,2024-02-01,active,25.0,2024-03-17
E501,S037,C013,2024-03-03,active,5.0,2024-03-16
E502,S037,C015,2024-03-06,active,25.0,2024-03-21
E503,S037,C016,2024-02-06,active,25.0,2024-03-16
E504,S037,C017,2024-03-08,active,5.0,2024-03-08
E505,S037,C021,2024-01-31,active,5.0,2024-01-31
E506,S037,C022,2024-03-12,active,25.0,2024-03-25
SE0331,S037,C025,2024-01-21,active,56.0,2024-02-09
E507,S037,C026,2024-03-07,active,5.0,2024-03-07
E508,S037,C027,2024-03-03,active,25.0,2024-03-23
SE0332,S037,C028,2024-01-28,active,49.0,2024-02-08
E509,S037,C030,2024-01-06,active,25.0,2024-02-01
E510,S037,C035,2024-01-30,active,5.0,2024-02-21
E511,S038,C001,2024-01-27,active,25.0,2024-03-02
SE0333,S038,C002,2024-03-15,active,47.0,2024-03-29
E512,S038,C004,2024-02-21,active,5.0,2024-02-21
E513,S038,C005,2024-03-06,active,5.0,2024-03-06
SE0334,S038,C008,2024-03-06,active,51.0,2024-03-18
E514,S038,C011,2024-01-02,active,5.0,2024-01-02
E515,S038,C013,2024-02-07,active,5.0,2024-02-07
SE0335,S038,C017,2024-01-13,active,58.0,2024-02-23
SE0336,S038,C018,2024-01-06,active,45.0,2024-01-16
SE0337,S038,C021,2024-01-03,active,45.0,2024-01-14
SE0338,S038,C023,2024-01-24,active,63.0,2024-02-06
E516,S038,C025,2024-02-24,active,25.0,2024-03-27
SE0339,S038,C028,2024-01-23,active,45.0,2024-02-03
E517,S038,C030,2024-01-21,active,5.0,2024-01-21
SE0340,S038,C031,2024-01-18,active,77.0,2024-02-01
E518,S038,C032,2024-02-16,active,25.0,2024-03-06
E519,S038,C034,2024-01-24,active,5.0,2024-03-02
SE0341,S038,C035,2024-02-14,completed,100.0,2024-02-29
E520,S039,C002,2024-01-30,active,5.0,2024-01-30
E521,S039,C003,2024-01-24,active,5.0,2024-01-24
SE0342,S039,C004,2024-03-19,active,76.0,2024-03-31
E522,S039,C007,2024-01-18,active,5.0,2024-01-18
E523,S039,C009,2024-03-19,active,25.0,2024-03-29
E524,S039,C011,2024-01-14,active,5.0,2024-01-14
E525,S039,C012,2024-01-24,active,5.0,2024-01-24
SE0343,S039,C016,2024-01-27,active,45.0,2024-03-24
E526,S039,C018,2024-03-23,active,25.0,2024-03-25
SE0344,S039,C021,2024-01-29,active,50.0,2024-02-28
E527,S039,C022,2024-01-20,active,5.0,2024-02-23
SE0345,S039,C027,2024-01-26,active,70.0,2024-02-15
E528,S039,C028,2024-03-13,active,5.0,2024-03-13
E529,S039,C031,2024-03-07,active,25.0,2024-03-29
E530,S039,C033,2024-03-21,active,5.0,2024-03-21
SE0346,S039,C035,2024-01-27,completed,100.0,2024-02-11
E531,S040,C001,2024-03-05,active,25.0,2024-03-17
SE0347,S040,C003,2024-02-29,active,45.0,2024-03-10
E092,S040,C004,2024-01-20,completed,100.0,2024-02-01
E532,S040,C005,2024-01-19,active,25.0,2024-03-25
SE0348,S040,C009,2024-03-16,active,61.0,2024-03-29
SE0349,S040,C010,2024-03-10,active,69.0,2024-03-31
SE0350,S040,C011,2024-01-11,active,60.0,2024-03-06
E533,S040,C012,2024-02-27,active,25.0,2024-03-06
E534,S040,C013,2024-01-17,active,5.0,2024-03-15
E535,S040,C014,2024-01-03,active,25.0,2024-03-08
E536,S040,C015,2024-03-04,active,5.0,2024-03-04
SE0351,S040,C016,2024-02-10,active,66.0,2024-03-31
E537,S040,C018,2024-03-02,active,25.0,2024-03-23
E538,S040,C019,2024-03-05,active,25.0,2024-03-13
E539,S040,C020,2024-01-30,active,25.0,2024-03-04
E540,S040,C021,2024-01-24,active,25.0,2024-01-31
E541,S040,C022,2024-03-01,active,5.0,2024-03-01
E542,S040,C026,2024-01-25,active,5.0,2024-01-25
E543,S040,C028,2024-03-19,active,5.0,2024-03-19
E544,S040,C032,2024-03-05,active,25.0,2024-03-26
E094,S041,C001,2024-01-28,completed,100.0,2024-02-06
SE0352,S041,C002,2024-02-17,active,55.0,2024-02-29
E095,S041,C003,2024-01-29,active,49.0,2024-02-08
SE0353,S041,C008,2024-01-31,active,62.0,2024-03-14
SE0354,S041,C009,2024-01-19,active,55.0,2024-03-10
E545,S041,C012,2024-02-04,active,25.0,2024-03-21
E546,S041,C013,2024-01-14,active,5.0,2024-01-14
SE0355,S041,C016,2024-02-02,active,58.0,2024-03-16
E547,S041,C017,2024-03-12,active,5.0,2024-03-12
E548,S041,C019,2024-03-29,active,5.0,2024-03-29
E549,S041,C021,2024-03-28,active,5.0,2024-03-28
SE0356,S041,C023,2024-03-04,active,67.0,2024-03-17
E550,S041,C024,2024-02-14,active,5.0,2024-02-14
SE0357,S041,C027,2024-01-28,active,50.0,2024-03-04
SE0358,S041,C029,2024-02-19,active,71.0,2024-03-04
E551,S042,C001,2024-01-18,active,25.0,2024-02-11
SE0359,S042,C002,2024-01-31,active,59.0,2024-02-12
E552,S042,C003,2024-01-15,active,25.0,2024-03-09
E553,S042,C004,2024-02-10,active,5.0,2024-02-10
E098,S042,C007,2024-01-07,completed,100.0,2024-01-20
SE0360,S042,C008,2024-03-04,active,69.0,2024-03-28
E554,S042,C009,2024-02-14,active,25.0,2024-03-27
E555,S042,C010,2024-03-27,active,25.0,2024-03-30
SE0361,S042,C011,2024-01-04,active,49.0,2024-02-16
E556,S042,C012,2024-03-28,active,5.0,2024-03-28
E557,S042,C015,2024-01-09,active,5.0,2024-01-09
E558,S042,C017,2024-03-08,active,25.0,2024-03-18
E559,S042,C018,2024-03-13,active,5.0,2024-03-13
SE0362,S042,C021,2024-02-29,active,45.0,2024-03-11
E560,S042,C022,2024-01-04,active,5.0,2024-01-04
SE0363,S042,C025,2024-01-06,active,55.0,2024-01-22
E561,S042,C026,2024-03-05,active,25.0,2024-03-06
SE0364,S042,C029,2024-01-31,active,79.0,2024-03-27
E562,S042,C030,2024-02-02,active,25.0,2024-03-24
SE0365,S042,C032,2024-01-23,active,69.0,2024-02-17
E563,S042,C033,2024-02-13,active,5.0,2024-02-13
SE0366,S042,C035,2024-01-04,active,59.0,2024-01-15
SE0367,S043,C006,2024-01-10,active,66.0,2024-02-10
E564,S043,C011,2024-01-21,active,5.0,2024-01-21
E565,S043,C015,2024-02-03,active,25.0,2024-03-18
E566,S043,C016,2024-03-16,active,5.0,2024-03-16
SE0368,S043,C018,2024-01-24,active,47.0,2024-02-01
E567,S043,C019,2024-01-06,active,5.0,2024-02-13
E568,S043,C023,2024-03-07,active,25.0,2024-03-14
E569,S043,C025,2024-01-08,active,25.0,2024-03-14
SE0369,S043,C026,2024-03-16,active,45.0,2024-03-26
E570,S043,C028,2024-01-10,active,25.0,2024-01-14
E571,S043,C029,2024-03-03,active,25.0,2024-03-20
SE0370,S043,C034,2024-01-22,active,52.0,2024-02-27
E572,S043,C035,2024-01-31,active,5.0,2024-01-31
E573,S044,C002,2024-02-22,active,5.0,2024-02-22
E574,S044,C003,2024-02-10,active,5.0,2024-02-10
E100,S044,C008,2024-01-26,active,64.0,2024-02-01
E575,S044,C010,2024-02-15,active,25.0,2024-02-23
SE0371,S044,C012,2024-01-27,active,62.0,2024-02-09
E576,S044,C014,2024-02-17,active,5.0,2024-02-17
SE0372,S044,C017,2024-03-20,active,45.0,2024-03-31
SE0373,S044,C018,2024-03-15,active,61.0,2024-03-28
E577,S044,C019,2024-02-03,active,5.0,2024-02-03
E578,S044,C021,2024-01-03,active,5.0,2024-01-03
E579,S044,C024,2024-03-01,active,5.0,2024-03-01
E580,S044,C025,2024-01-26,active,25.0,2024-02-13
E581,S044,C026,2024-03-24,active,25.0,2024-03-31
E582,S044,C028,2024-01-11,active,5.0,2024-01-11
E583,S044,C030,2024-03-16,active,5.0,2024-03-16
E584,S044,C031,2024-02-08,active,5.0,2024-03-23
E585,S044,C034,2024-03-11,active,25.0,2024-03-29
SE0374,S045,C001,2024-01-24,active,45.0,2024-02-19
SE0375,S045,C003,2024-02-10,active,45.0,2024-02-20
E586,S045,C007,2024-02-20,active,25.0,2024-02-27
E587,S045,C015,2024-03-03,active,5.0,2024-03-03
E588,S045,C016,2024-01-29,active,25.0,2024-02-02
E589,S045,C018,2024-01-06,active,5.0,2024-01-06
E590,S045,C024,2024-01-28,active,25.0,2024-03-19
E591,S045,C026,2024-01-19,active,5.0,2024-02-20
E592,S045,C031,2024-01-15,active,5.0,2024-03-01
E593,S045,C034,2024-02-29,active,25.0,2024-03-17
E594,S046,C004,2024-01-24,active,25.0,2024-03-23
E595,S046,C010,2024-02-05,active,5.0,2024-02-05
SE0376,S046,C012,2024-03-10,active,48.0,2024-03-21
E596,S046,C014,2024-02-21,active,25.0,2024-03-25
E597,S046,C016,2024-02-12,active,5.0,2024-03-26
SE0377,S046,C017,2024-01-05,active,48.0,2024-01-16
E598,S046,C020,2024-01-23,active,5.0,2024-01-23
E599,S046,C022,2024-01-29,active,25.0,2024-03-01
E600,S046,C023,2024-01-06,active,5.0,2024-01-06
SE0378,S046,C024,2024-02-11,active,53.0,2024-02-23
SE0379,S046,C025,2024-01-05,active,78.0,2024-03-15
E601,S046,C027,2024-01-06,active,5.0,2024-01-06
SE0380,S046,C028,2024-01-04,active,75.0,2024-03-02
E602,S046,C031,2024-02-29,active,5.0,2024-02-29
E603,S046,C032,2024-01-30,active,5.0,2024-01-30
E604,S046,C033,2024-01-18,active,5.0,2024-01-18
SE0381,S046,C034,2024-03-19,active,56.0,2024-03-31
E605,S046,C035,2024-02-26,active,5.0,2024-02-26
E606,S047,C001,2024-01-06,active,5.0,2024-02-18
SE0382,S047,C005,2024-02-21,active,75.0,2024-03-31
E607,S047,C008,2024-01-13,active,25.0,2024-03-18
E608,S047,C009,2024-03-19,active,25.0,2024-03-30
SE0383,S047,C010,2024-01-24,active,45.0,2024-02-11
E609,S047,C011,2024-02-27,active,5.0,2024-02-27
E610,S047,C012,2024-02-21,active,25.0,2024-03-30
SE0384,S047,C013,2024-03-23,active,45.0,2024-03-31
E611,S047,C016,2024-03-25,active,25.0,2024-03-27
E105,S047,C020,2024-01-18,completed,100.0,2024-01-24
E106,S047,C021,2024-01-20,active,53.0,2024-01-26
E612,S047,C022,2024-01-18,active,5.0,2024-01-18
E613,S047,C023,2024-03-15,active,5.0,2024-03-15
E614,S047,C027,2024-01-04,active,25.0,2024-01-13
E615,S047,C028,2024-03-19,active,25.0,2024-03-22
SE0385,S047,C034,2024-02-20,active,72.0,2024-03-05
E616,S047,C035,2024-03-26,active,25.0,2024-03-30
E107,S048,C004,2024-01-28,completed,100.0,2024-02-03
SE0386,S048,C008,2024-03-18,active,45.0,2024-03-29
SE0387,S048,C009,2024-01-14,active,56.0,2024-02-19
E617,S048,C013,2024-01-26,active,25.0,2024-03-04
E108,S048,C014,2024-01-30,active,45.0,2024-02-05
E618,S048,C016,2024-02-10,active,25.0,2024-03-24
E619,S048,C018,2024-01-29,active,25.0,2024-02-03
E620,S048,C020,2024-02-28,active,5.0,2024-02-28
E621,S048,C022,2024-02-07,active,5.0,2024-02-07
SE0388,S048,C023,2024-01-22,active,65.0,2024-02-08
SE0389,S048,C026,2024-02-03,active,60.0,2024-02-16
E622,S048,C028,2024-03-14,active,5.0,2024-03-14
SE0390,S048,C029,2024-02-19,active,45.0,2024-03-01
SE0391,S048,C031,2024-01-21,active,55.0,2024-02-02
E623,S048,C033,2024-01-07,active,5.0,2024-01-07
SE0392,S048,C034,2024-01-13,active,74.0,2024-01-27
E624,S048,C035,2024-02-14,active,25.0,2024-03-08
E625,S049,C003,2024-03-04,active,25.0,2024-03-28
SE0393,S049,C008,2024-02-19,active,46.0,2024-03-01
E626,S049,C011,2024-03-20,active,5.0,2024-03-20
SE0394,S049,C012,2024-02-02,active,76.0,2024-02-21
E627,S049,C014,2024-03-07,active,5.0,2024-03-07
E628,S049,C015,2024-03-27,active,5.0,2024-03-27
E629,S049,C017,2024-03-25,active,25.0,2024-03-27
E630,S049,C018,2024-02-10,active,5.0,2024-02-10
E631,S049,C020,2024-03-02,active,25.0,2024-03-12
E632,S049,C023,2024-02-04,active,25.0,2024-03-22
E633,S049,C024,2024-01-18,active,5.0,2024-03-23
E634,S049,C026,2024-01-22,active,5.0,2024-01-22
E635,S049,C028,2024-02-01,active,25.0,2024-03-07
SE0395,S049,C031,2024-01-25,active,63.0,2024-02-07
SE0396,S049,C032,2024-03-06,active,59.0,2024-03-24
E636,S049,C033,2024-02-25,active,25.0,2024-03-25
E637,S050,C002,2024-03-28,active,5.0,2024-03-28
SE0397,S050,C003,2024-01-21,active,58.0,2024-02-05
E638,S050,C004,2024-01-30,active,25.0,2024-03-10
SE0398,S050,C005,2024-01-30,active,79.0,2024-03-11
E639,S050,C006,2024-01-29,active,5.0,2024-01-29
E640,S050,C012,2024-03-16,active,5.0,2024-03-16
E641,S050,C013,2024-03-22,active,5.0,2024-03-22
E642,S050,C018,2024-03-30,active,5.0,2024-03-30
E643,S050,C020,2024-01-21,active,25.0,2024-03-12
E644,S050,C021,2024-02-28,active,5.0,2024-02-28
E645,S050,C025,2024-02-24,active,25.0,2024-03-23
E646,S050,C027,2024-02-06,active,25.0,2024-03-03
SE0399,S050,C029,2024-01-02,active,63.0,2024-03-21
E647,S050,C031,2024-02-03,active,25.0,2024-03-01
E648,S050,C032,2024-03-06,active,5.0,2024-03-06
E649,S050,C035,2024-01-06,active,25.0,2024-02-19
SE0400,S051,C004,2024-03-31,active,75.0,2024-03-31
E650,S051,C006,2024-03-31,active,25.0,2024-03-31
E651,S051,C007,2024-03-31,active,25.0,2024-03-31
SE0401,S051,C008,2024-03-31,active,48.0,2024-03-31
SE0402,S051,C010,2024-03-31,active,49.0,2024-03-31
SE0403,S051,C014,2024-03-31,active,75.0,2024-03-31
SE0404,S051,C016,2024-03-31,active,45.0,2024-03-31
E652,S051,C017,2024-03-31,active,25.0,2024-03-31
SE0405,S051,C019,2024-03-31,active,57.0,2024-03-31
E653,S051,C020,2024-03-31,active,25.0,2024-03-31
E654,S051,C025,2024-03-31,active,5.0,2024-03-31
E655,S051,C029,2024-03-31,active,5.0,2024-03-31
E656,S051,C031,2024-03-31,active,25.0,2024-03-31
E657,S052,C001,2024-01-25,active,5.0,2024-01-25
SE0406,S052,C002,2024-02-04,active,60.0,2024-02-17
E658,S052,C003,2024-03-02,active,5.0,2024-03-02
E659,S052,C007,2024-01-27,active,5.0,2024-01-27
E660,S052,C008,2024-01-17,active,25.0,2024-03-19
SE0407,S052,C009,2024-02-22,active,74.0,2024-03-07
E661,S052,C011,2024-01-19,active,25.0,2024-02-12
SE0408,S052,C013,2024-03-16,active,75.0,2024-03-30
E662,S052,C014,2024-01-26,active,25.0,2024-03-23
SE0409,S052,C019,2024-02-03,active,66.0,2024-02-20
E663,S052,C020,2024-01-16,active,5.0,2024-03-05
E664,S052,C023,2024-02-02,active,5.0,2024-02-02
E665,S052,C026,2024-02-23,active,5.0,2024-02-23
SE0410,S052,C030,2024-02-08,active,79.0,2024-02-22
SE0411,S053,C002,2024-01-10,active,48.0,2024-01-22
E666,S053,C003,2024-02-01,active,5.0,2024-03-06
E667,S053,C006,2024-02-08,active,5.0,2024-02-21
E668,S053,C009,2024-02-10,active,5.0,2024-02-10
SE0412,S053,C012,2024-02-19,active,69.0,2024-03-03
E669,S053,C015,2024-02-08,active,25.0,2024-03-18
E670,S053,C018,2024-02-13,active,25.0,2024-03-03
E671,S053,C021,2024-03-13,active,25.0,2024-03-27
SE0413,S053,C022,2024-02-03,active,51.0,2024-03-09
SE0414,S053,C023,2024-02-14,active,78.0,2024-02-28
E672,S053,C024,2024-01-06,active,25.0,2024-02-11
SE0415,S053,C025,2024-03-06,active,59.0,2024-03-18
SE0416,S053,C027,2024-01-20,active,73.0,2024-02-03
E673,S053,C030,2024-03-22,active,5.0,2024-03-22
E674,S053,C032,2024-01-01,active,25.0,2024-01-02
E675,S053,C035,2024-01-27,active,5.0,2024-02-05
E676,S054,C002,2024-02-03,active,25.0,2024-03-27
E677,S054,C005,2024-01-06,active,25.0,2024-03-02
E678,S054,C009,2024-01-21,active,25.0,2024-02-10
SE0417,S054,C011,2024-01-08,active,70.0,2024-03-09
SE0418,S054,C012,2024-02-13,active,64.0,2024-02-26
E679,S054,C013,2024-01-03,active,25.0,2024-03-29
SE0419,S054,C015,2024-01-25,active,47.0,2024-03-05
E680,S054,C016,2024-01-24,active,5.0,2024-01-24
E681,S054,C017,2024-03-20,active,5.0,2024-03-20
E682,S054,C019,2024-01-08,active,5.0,2024-01-08
E683,S054,C020,2024-02-25,active,5.0,2024-02-25
E684,S054,C021,2024-03-01,active,5.0,2024-03-01
E685,S054,C023,2024-02-24,active,5.0,2024-02-24
SE0420,S054,C024,2024-01-29,active,49.0,2024-02-29
SE0421,S054,C025,2024-01-20,active,70.0,2024-03-11
SE0422,S054,C031,2024-01-15,active,53.0,2024-02-23
E686,S054,C033,2024-03-05,active,5.0,2024-03-05
SE0423,S054,C034,2024-01-02,active,76.0,2024-03-31
E687,S054,C035,2024-02-04,active,5.0,2024-03-10
SE0424,S055,C001,2024-02-23,active,66.0,2024-03-16
E688,S055,C002,2024-01-21,active,5.0,2024-01-21
E689,S055,C008,2024-01-16,active,25.0,2024-02-04
E690,S055,C010,2024-01-28,active,25.0,2024-03-07
E691,S055,C011,2024-01-06,active,5.0,2024-01-10
E692,S055,C012,2024-02-22,active,25.0,2024-03-23
E693,S055,C013,2024-03-23,active,25.0,2024-03-26
E694,S055,C016,2024-01-22,active,25.0,2024-03-17
SE0425,S055,C017,2024-01-19,active,62.0,2024-03-31
E695,S055,C018,2024-02-07,active,5.0,2024-02-07
E696,S055,C021,2024-01-09,active,5.0,2024-01-09
E697,S055,C025,2024-01-09,active,5.0,2024-01-09
SE0426,S055,C026,2024-01-10,active,63.0,2024-02-16
SE0427,S055,C029,2024-01-07,active,57.0,2024-02-06
E698,S055,C033,2024-03-07,active,25.0,2024-03-15
E699,S055,C035,2024-01-03,active,25.0,2024-02-05
E700,S056,C002,2024-02-21,active,5.0,2024-02-21
E701,S056,C003,2024-01-06,active,5.0,2024-01-06
E702,S056,C004,2024-02-12,active,5.0,2024-02-12
SE0428,S056,C005,2024-01-27,active,45.0,2024-02-07
E703,S056,C008,2024-01-27,active,5.0,2024-02-23
E704,S056,C010,2024-01-04,active,5.0,2024-01-04
SE0429,S056,C011,2024-01-24,active,66.0,2024-02-09
E705,S056,C014,2024-01-08,active,5.0,2024-01-08
E706,S056,C015,2024-01-20,active,5.0,2024-02-06
E707,S056,C017,2024-02-04,active,5.0,2024-02-04
SE0430,S056,C018,2024-01-25,active,65.0,2024-03-30
SE0431,S056,C020,2024-02-14,active,45.0,2024-03-22
SE0432,S056,C022,2024-03-12,active,64.0,2024-03-25
E708,S056,C023,2024-01-19,active,5.0,2024-01-19
E709,S056,C026,2024-01-26,active,25.0,2024-02-22
SE0433,S056,C027,2024-01-24,active,77.0,2024-03-18
E710,S056,C028,2024-02-25,active,25.0,2024-03-29
SE0434,S056,C029,2024-02-02,active,53.0,2024-02-14
E711,S056,C030,2024-02-01,active,25.0,2024-03-22
SE0435,S056,C031,2024-01-11,active,47.0,2024-01-22
E712,S056,C034,2024-01-30,active,25.0,2024-03-20
SE0436,S056,C035,2024-02-19,active,74.0,2024-03-04
E713,S057,C003,2024-02-24,active,5.0,2024-02-24
E714,S057,C005,2024-03-23,active,25.0,2024-03-25
E715,S057,C008,2024-03-29,active,5.0,2024-03-29
E716,S057,C012,2024-03-24,active,5.0,2024-03-24
E717,S057,C013,2024-01-07,active,25.0,2024-02-26
E718,S057,C014,2024-01-31,active,25.0,2024-02-13
E719,S057,C015,2024-03-04,active,25.0,2024-03-15
SE0437,S057,C017,2024-02-19,active,56.0,2024-03-14
E720,S057,C018,2024-01-03,active,5.0,2024-02-15
E721,S057,C020,2024-03-12,active,25.0,2024-03-30
SE0438,S057,C023,2024-02-27,active,61.0,2024-03-11
E722,S057,C024,2024-02-28,active,5.0,2024-03-29
SE0439,S057,C025,2024-01-04,active,60.0,2024-01-17
SE0440,S057,C026,2024-03-20,active,70.0,2024-03-31
E723,S057,C027,2024-01-25,active,5.0,2024-01-25
E724,S057,C028,2024-01-25,active,5.0,2024-01-25
E725,S057,C029,2024-03-09,active,25.0,2024-03-30
E726,S057,C030,2024-02-22,active,25.0,2024-03-21
E727,S057,C031,2024-02-01,active,5.0,2024-02-01
E728,S057,C033,2024-01-02,active,5.0,2024-01-26
E729,S057,C035,2024-02-25,active,25.0,2024-03-15
E730,S058,C002,2024-03-14,active,5.0,2024-03-14
E731,S058,C011,2024-02-18,active,5.0,2024-02-18
E732,S058,C012,2024-02-06,active,5.0,2024-02-06
E733,S058,C013,2024-02-19,active,25.0,2024-03-29
E734,S058,C015,2024-02-28,active,25.0,2024-03-24
SE0441,S058,C019,2024-02-25,active,79.0,2024-03-10
E735,S058,C021,2024-02-10,active,25.0,2024-03-16
E736,S058,C022,2024-01-20,active,5.0,2024-01-20
SE0442,S058,C023,2024-02-27,active,45.0,2024-03-11
E737,S058,C024,2024-01-08,active,5.0,2024-02-02
E738,S058,C025,2024-02-17,active,25.0,2024-03-20
E739,S058,C027,2024-02-13,active,5.0,2024-02-14
E740,S058,C028,2024-03-03,active,25.0,2024-03-28
SE0443,S058,C029,2024-02-22,active,45.0,2024-03-27
E741,S058,C032,2024-03-13,active,5.0,2024-03-13
E742,S058,C035,2024-03-31,active,5.0,2024-03-31
SE0444,S059,C001,2024-01-05,active,46.0,2024-02-12
E743,S059,C011,2024-03-15,active,5.0,2024-03-15
E744,S059,C014,2024-01-23,active,25.0,2024-02-07
SE0445,S059,C017,2024-03-07,active,66.0,2024-03-20
E745,S059,C018,2024-02-14,active,5.0,2024-02-14
E746,S059,C019,2024-01-08,active,5.0,2024-01-08
E747,S059,C020,2024-02-01,active,5.0,2024-02-01
E748,S059,C021,2024-03-03,active,25.0,2024-03-15
SE0446,S059,C025,2024-02-19,active,45.0,2024-03-14
SE0447,S059,C028,2024-02-06,active,65.0,2024-03-03
SE0448,S059,C032,2024-03-24,active,47.0,2024-03-31
SE0449,S059,C033,2024-03-15,active,45.0,2024-03-26
E749,S059,C034,2024-02-01,active,5.0,2024-02-17
SE0450,S059,C035,2024-03-22,active,68.0,2024-03-31
E750,S060,C001,2024-01-03,active,5.0,2024-02-27
E751,S060,C002,2024-03-06,active,5.0,2024-03-06
E752,S060,C005,2024-02-21,active,5.0,2024-03-16
SE0451,S060,C008,2024-01-11,active,61.0,2024-02-01
SE0452,S060,C009,2024-02-29,active,46.0,2024-03-24
E753,S060,C011,2024-02-15,active,5.0,2024-02-15
E754,S060,C014,2024-01-04,active,25.0,2024-02-03
E755,S060,C015,2024-01-04,active,5.0,2024-02-15
SE0453,S060,C016,2024-03-13,active,57.0,2024-03-25
SE0454,S060,C018,2024-03-13,active,74.0,2024-03-27
E756,S060,C019,2024-01-24,active,5.0,2024-01-24
E757,S060,C022,2024-02-12,active,25.0,2024-03-29
E758,S060,C023,2024-01-14,active,25.0,2024-03-31
E759,S060,C025,2024-01-23,active,25.0,2024-02-15
E760,S060,C026,2024-02-06,active,5.0,2024-02-06
SE0455,S060,C029,2024-01-20,active,69.0,2024-03-25
SE0456,S060,C032,2024-01-30,active,61.0,2024-02-19
SE0457,S060,C033,2024-03-18,completed,100.0,2024-03-31
E761,S060,C035,2024-03-06,active,0.0,2024-03-06
E762,S061,C003,2024-01-09,active,0.0,2024-01-09
E763,S061,C004,2024-01-16,active,0.0,2024-01-16
E764,S061,C009,2024-02-14,active,0.0,2024-03-08
E765,S061,C010,2024-02-24,active,0.0,2024-02-24
SE0458,S061,C011,2024-03-17,active,59.0,2024-03-29
E766,S061,C012,2024-03-13,active,0.0,2024-03-28
E767,S061,C013,2024-01-27,active,0.0,2024-02-10
SE0459,S061,C014,2024-03-14,active,36.0,2024-03-24
E768,S061,C015,2024-02-07,active,0.0,2024-02-07
E769,S061,C016,2024-01-03,active,0.0,2024-01-03
SE0460,S061,C022,2024-01-04,active,64.0,2024-01-21
E770,S061,C023,2024-01-26,active,0.0,2024-01-26
E771,S061,C024,2024-01-16,active,0.0,2024-01-16
SE0461,S061,C028,2024-01-29,active,46.0,2024-03-30
SE0462,S061,C030,2024-01-17,active,75.0,2024-01-31
SE0463,S061,C032,2024-03-03,active,37.0,2024-03-13
E772,S061,C034,2024-02-11,active,0.0,2024-03-28
SE0464,S062,C001,2024-01-07,active,64.0,2024-02-16
E773,S062,C005,2024-01-31,active,0.0,2024-01-31
E774,S062,C007,2024-02-02,active,0.0,2024-02-02
E775,S062,C009,2024-01-28,active,0.0,2024-01-30
SE0465,S062,C011,2024-01-24,active,62.0,2024-02-06
E776,S062,C015,2024-01-01,active,0.0,2024-01-02
E777,S062,C016,2024-02-29,active,0.0,2024-03-12
E778,S062,C024,2024-01-28,active,0.0,2024-01-28
E779,S062,C025,2024-01-30,active,0.0,2024-01-30
E780,S062,C026,2024-01-04,active,0.0,2024-02-25
E781,S062,C027,2024-02-08,active,0.0,2024-02-08
SE0466,S062,C029,2024-02-05,active,63.0,2024-02-18
E782,S062,C030,2024-02-03,active,0.0,2024-02-03
E783,S062,C032,2024-03-14,active,0.0,2024-03-21
SE0467,S062,C033,2024-01-13,active,62.0,2024-03-17
E784,S062,C034,2024-01-23,active,0.0,2024-01-23
SE0468,S062,C035,2024-02-26,active,78.0,2024-03-17
SE0469,S063,C001,2024-01-02,active,74.0,2024-02-15
E785,S063,C003,2024-03-01,active,0.0,2024-03-14
E786,S063,C004,2024-01-17,active,0.0,2024-02-18
SE0470,S063,C005,2024-01-28,active,45.0,2024-03-28
E787,S063,C007,2024-03-10,active,0.0,2024-03-16
SE0471,S063,C011,2024-01-30,active,46.0,2024-02-10
E788,S063,C013,2024-01-11,active,0.0,2024-01-11
E789,S063,C014,2024-02-22,active,0.0,2024-02-22
SE0472,S063,C015,2024-03-22,active,54.0,2024-03-31
E790,S063,C016,2024-01-21,active,0.0,2024-01-21
E791,S063,C018,2024-01-11,active,0.0,2024-01-11
SE0473,S063,C021,2024-02-16,active,55.0,2024-03-19
E792,S063,C023,2024-02-19,active,0.0,2024-03-04
E793,S063,C025,2024-01-09,active,0.0,2024-02-21
E794,S063,C026,2024-03-25,active,0.0,2024-03-25
SE0474,S063,C028,2024-03-09,active,36.0,2024-03-19
E795,S063,C031,2024-01-13,active,0.0,2024-01-13
E796,S063,C032,2024-01-20,active,0.0,2024-01-20
SE0475,S063,C034,2024-02-06,active,61.0,2024-03-09
E797,S064,C001,2024-02-17,active,0.0,2024-03-24
E798,S064,C002,2024-01-12,active,0.0,2024-03-31
SE0476,S064,C003,2024-01-17,active,35.0,2024-02-15
E799,S064,C004,2024-01-09,active,0.0,2024-02-26
SE0477,S064,C007,2024-01-15,active,74.0,2024-03-22
E800,S064,C012,2024-02-03,active,0.0,2024-03-29
E801,S064,C013,2024-02-02,active,0.0,2024-02-18
E802,S064,C014,2024-02-14,active,0.0,2024-03-28
SE0478,S064,C015,2024-01-14,active,35.0,2024-01-24
E803,S064,C016,2024-01-11,active,0.0,2024-02-09
E804,S064,C017,2024-03-05,active,0.0,2024-03-05
E805,S064,C019,2024-01-21,active,0.0,2024-01-23
SE0479,S064,C020,2024-01-20,active,64.0,2024-02-02
E806,S064,C021,2024-01-18,active,0.0,2024-01-18
E807,S064,C022,2024-02-25,active,0.0,2024-03-10
E808,S064,C025,2024-03-26,active,0.0,2024-03-26
E809,S064,C026,2024-02-12,active,0.0,2024-02-12
E810,S064,C027,2024-01-14,active,0.0,2024-01-24
SE0480,S064,C028,2024-01-03,active,54.0,2024-01-31
E811,S064,C030,2024-01-14,active,0.0,2024-03-28
E812,S064,C031,2024-01-16,active,0.0,2024-03-28
E813,S064,C034,2024-02-18,active,0.0,2024-03-11
SE0481,S064,C035,2024-01-03,active,56.0,2024-01-19
SE0482,S065,C001,2024-02-01,active,62.0,2024-02-16
E814,S065,C003,2024-03-25,active,0.0,2024-03-25
E815,S065,C004,2024-03-31,active,0.0,2024-03-31
E816,S065,C006,2024-03-19,active,0.0,2024-03-19
E817,S065,C007,2024-01-18,active,0.0,2024-01-18
E818,S065,C008,2024-03-20,active,0.0,2024-03-21
E819,S065,C009,2024-01-10,active,0.0,2024-02-19
E820,S065,C010,2024-03-20,active,0.0,2024-03-22
SE0483,S065,C011,2024-01-02,active,79.0,2024-01-10
SE0484,S065,C014,2024-03-09,active,51.0,2024-03-21
E821,S065,C016,2024-03-07,active,0.0,2024-03-07
E822,S065,C017,2024-02-29,active,0.0,2024-03-15
E823,S065,C019,2024-01-15,active,0.0,2024-01-15
E824,S065,C020,2024-01-23,active,0.0,2024-01-23
E825,S065,C023,2024-02-18,active,0.0,2024-03-07
E826,S065,C025,2024-01-19,active,0.0,2024-01-19
SE0485,S065,C029,2024-01-31,active,79.0,2024-02-14
SE0486,S065,C030,2024-03-13,active,36.0,2024-03-23
SE0487,S065,C033,2024-01-23,active,42.0,2024-02-05
E827,S065,C034,2024-01-24,active,0.0,2024-03-21
SE0488,S066,C001,2024-02-07,active,48.0,2024-02-18
E828,S066,C002,2024-02-07,active,0.0,2024-02-07
E829,S066,C003,2024-03-17,active,0.0,2024-03-17
E830,S066,C005,2024-02-07,active,0.0,2024-02-07
SE0489,S066,C007,2024-03-05,active,37.0,2024-03-31
E831,S066,C009,2024-02-01,active,0.0,2024-03-18
E832,S066,C012,2024-03-19,active,0.0,2024-03-30
E833,S066,C013,2024-01-04,active,0.0,2024-01-04
SE0490,S066,C014,2024-03-20,active,72.0,2024-03-31
E834,S066,C015,2024-01-10,active,0.0,2024-03-13
SE0491,S066,C016,2024-02-19,active,72.0,2024-03-04
E835,S066,C018,2024-03-23,active,0.0,2024-03-31
E836,S066,C019,2024-01-18,active,0.0,2024-02-14
E837,S066,C022,2024-01-26,active,0.0,2024-02-11
SE0492,S066,C023,2024-02-16,active,49.0,2024-03-03
E838,S066,C024,2024-02-13,active,0.0,2024-02-13
E839,S066,C025,2024-03-01,active,0.0,2024-03-01
E840,S066,C026,2024-01-21,active,0.0,2024-01-21
E841,S066,C027,2024-01-17,active,0.0,2024-01-17
E842,S066,C035,2024-03-24,active,0.0,2024-03-30
E843,S067,C001,2024-01-16,active,0.0,2024-01-16
SE0493,S067,C002,2024-03-01,active,56.0,2024-03-13
E844,S067,C005,2024-03-11,active,0.0,2024-03-11
SE0494,S067,C007,2024-01-11,active,74.0,2024-02-08
SE0495,S067,C008,2024-01-15,active,62.0,2024-01-28
E845,S067,C009,2024-03-29,active,0.0,2024-03-29
E846,S067,C010,2024-02-01,active,0.0,2024-03-17
SE0496,S067,C016,2024-02-23,active,47.0,2024-03-05
E847,S067,C018,2024-01-31,active,0.0,2024-01-31
E848,S067,C022,2024-01-05,active,0.0,2024-03-15
E849,S067,C023,2024-03-26,active,0.0,2024-03-26
SE0497,S067,C025,2024-01-08,active,46.0,2024-01-19
E850,S067,C026,2024-02-09,active,0.0,2024-03-19
E851,S067,C027,2024-01-17,active,0.0,2024-03-23
SE0498,S067,C028,2024-02-06,active,73.0,2024-03-18
E852,S067,C029,2024-01-08,active,0.0,2024-02-04
SE0499,S067,C030,2024-01-02,active,51.0,2024-02-11
E853,S067,C031,2024-01-03,active,0.0,2024-01-29
E854,S067,C033,2024-02-07,active,0.0,2024-03-09
E855,S067,C035,2024-01-23,active,0.0,2024-03-06
E856,S068,C002,2024-02-27,active,0.0,2024-02-27
SE0500,S068,C010,2024-01-06,active,49.0,2024-03-04
SE0501,S068,C011,2024-02-09,active,41.0,2024-02-20
E857,S068,C012,2024-01-04,active,0.0,2024-01-04
SE0502,S068,C013,2024-01-17,active,69.0,2024-02-27
E858,S068,C015,2024-02-07,active,0.0,2024-02-07
E859,S068,C016,2024-01-16,active,0.0,2024-02-09
SE0503,S068,C018,2024-01-27,active,72.0,2024-02-10
SE0504,S068,C021,2024-03-17,active,49.0,2024-03-28
SE0505,S068,C023,2024-02-20,active,39.0,2024-03-01
SE0506,S068,C024,2024-01-13,active,57.0,2024-01-25
E860,S068,C027,2024-01-20,active,0.0,2024-01-20
SE0507,S068,C028,2024-01-29,active,79.0,2024-02-12
E861,S068,C029,2024-01-24,active,0.0,2024-01-24
E862,S068,C030,2024-01-10,active,0.0,2024-01-10
SE0508,S068,C031,2024-03-14,active,61.0,2024-03-27
SE0509,S068,C032,2024-02-01,active,79.0,2024-03-22
E863,S068,C034,2024-01-23,active,0.0,2024-03-01
E864,S068,C035,2024-02-09,active,0.0,2024-02-09
E865,S069,C007,2024-01-13,active,0.0,2024-01-13
E866,S069,C010,2024-03-13,active,0.0,2024-03-13
SE0510,S069,C011,2024-02-10,active,65.0,2024-03-14
E867,S069,C015,2024-03-30,active,0.0,2024-03-30
E868,S069,C017,2024-03-02,active,0.0,2024-03-22
E869,S069,C019,2024-02-25,active,0.0,2024-02-25
E870,S069,C020,2024-01-11,active,0.0,2024-01-24
E871,S069,C021,2024-03-08,active,0.0,2024-03-25
E872,S069,C022,2024-02-04,active,0.0,2024-02-04
E873,S069,C023,2024-03-03,active,0.0,2024-03-30
E874,S069,C024,2024-01-28,active,0.0,2024-02-25
E875,S069,C027,2024-01-24,active,0.0,2024-02-09
E876,S069,C030,2024-03-11,active,0.0,2024-03-11
SE0511,S069,C033,2024-01-21,active,47.0,2024-02-20
SE0512,S069,C034,2024-01-23,active,60.0,2024-02-05
E877,S069,C035,2024-02-16,active,0.0,2024-03-22
E878,S070,C001,2024-01-28,active,0.0,2024-03-05
E879,S070,C002,2024-02-18,active,0.0,2024-03-19
E880,S070,C004,2024-03-08,active,0.0,2024-03-08
E881,S070,C010,2024-03-09,active,0.0,2024-03-09
SE0513,S070,C014,2024-01-01,active,41.0,2024-03-19
SE0514,S070,C016,2024-01-03,active,57.0,2024-01-11
E882,S070,C017,2024-01-30,active,0.0,2024-01-30
E883,S070,C019,2024-02-01,active,0.0,2024-02-24
E884,S070,C026,2024-03-10,active,0.0,2024-03-10
SE0515,S070,C029,2024-02-21,active,62.0,2024-03-05
SE0516,S070,C030,2024-01-05,active,40.0,2024-01-16
E885,S070,C031,2024-01-22,active,0.0,2024-03-18
E886,S070,C034,2024-01-31,active,0.0,2024-01-31
SE0517,S070,C035,2024-01-08,active,66.0,2024-03-11
E887,S071,C001,2024-01-29,active,0.0,2024-01-29
E888,S071,C002,2024-02-04,active,0.0,2024-02-04
E889,S071,C006,2024-02-22,active,0.0,2024-03-12
SE0518,S071,C007,2024-02-21,active,53.0,2024-03-18
E890,S071,C008,2024-01-22,active,0.0,2024-02-14
SE0519,S071,C009,2024-02-06,active,74.0,2024-02-20
E891,S071,C011,2024-02-09,active,0.0,2024-02-09
SE0520,S071,C012,2024-03-06,active,67.0,2024-03-21
E892,S071,C014,2024-03-18,active,0.0,2024-03-30
E893,S071,C016,2024-01-31,active,0.0,2024-01-31
E894,S071,C017,2024-01-20,active,0.0,2024-01-20
E895,S071,C018,2024-01-17,active,0.0,2024-01-17
E896,S071,C020,2024-03-11,active,0.0,2024-03-11
E897,S071,C021,2024-01-04,active,0.0,2024-03-11
E898,S071,C022,2024-03-29,active,0.0,2024-03-29
E899,S071,C023,2024-02-15,active,0.0,2024-03-29
E900,S071,C025,2024-02-08,active,0.0,2024-02-08
SE0521,S071,C028,2024-02-08,active,67.0,2024-03-02
E901,S071,C032,2024-02-21,active,0.0,2024-02-29
SE0522,S071,C034,2024-02-07,active,41.0,2024-02-18
SE0523,S072,C004,2024-01-20,active,71.0,2024-02-03
SE0524,S072,C005,2024-01-24,active,66.0,2024-03-19
E902,S072,C006,2024-03-14,active,0.0,2024-03-14
E903,S072,C007,2024-03-26,active,0.0,2024-03-26
E904,S072,C009,2024-02-15,active,0.0,2024-03-10
E905,S072,C012,2024-01-12,active,0.0,2024-01-12
SE0525,S072,C015,2024-01-22,active,46.0,2024-03-30
SE0526,S072,C016,2024-02-04,active,68.0,2024-03-01
E906,S072,C017,2024-01-26,active,0.0,2024-01-27
E907,S072,C021,2024-02-12,active,0.0,2024-03-28
E908,S072,C024,2024-02-08,active,0.0,2024-03-06
E909,S072,C027,2024-01-16,active,0.0,2024-01-16
SE0527,S072,C029,2024-03-22,active,38.0,2024-03-31
SE0528,S072,C032,2024-02-17,active,50.0,2024-03-15
SE0529,S072,C033,2024-01-06,active,64.0,2024-01-18
E910,S072,C034,2024-02-12,active,0.0,2024-02-27
E911,S072,C035,2024-03-08,active,0.0,2024-03-24
E912,S073,C004,2024-03-30,active,0.0,2024-03-30
E913,S073,C005,2024-01-14,active,0.0,2024-03-08
SE0530,S073,C006,2024-02-16,active,52.0,2024-03-31
SE0531,S073,C007,2024-01-03,active,38.0,2024-01-13
E914,S073,C010,2024-02-23,active,0.0,2024-03-07
SE0532,S073,C011,2024-01-23,active,40.0,2024-02-17
E915,S073,C012,2024-01-11,active,0.0,2024-03-28
SE0533,S073,C014,2024-01-22,active,48.0,2024-02-29
E916,S073,C015,2024-03-01,active,0.0,2024-03-04
E917,S073,C021,2024-03-05,active,0.0,2024-03-18
SE0534,S073,C022,2024-01-20,active,64.0,2024-02-23
E918,S073,C023,2024-03-31,active,0.0,2024-03-31
E919,S073,C024,2024-01-18,active,0.0,2024-01-18
SE0535,S073,C025,2024-01-02,active,55.0,2024-03-28
E920,S073,C027,2024-01-06,active,0.0,2024-01-06
SE0536,S073,C028,2024-01-29,active,74.0,2024-02-27
E921,S073,C031,2024-03-22,active,0.0,2024-03-22
E922,S073,C033,2024-02-14,active,0.0,2024-02-14
E923,S073,C034,2024-02-02,active,0.0,2024-03-15
E924,S074,C001,2024-01-03,active,0.0,2024-01-03
SE0537,S074,C002,2024-03-08,completed,100.0,2024-03-31
SE0538,S074,C005,2024-01-22,active,56.0,2024-02-03
SE0539,S074,C006,2024-02-17,active,75.0,2024-03-02
E925,S074,C007,2024-02-08,active,0.0,2024-03-13
E926,S074,C011,2024-01-30,active,0.0,2024-02-25
E927,S074,C013,2024-01-29,active,0.0,2024-02-13
SE0540,S074,C014,2024-01-08,active,48.0,2024-01-19
E928,S074,C018,2024-01-17,active,0.0,2024-03-16
E929,S074,C022,2024-01-11,active,0.0,2024-03-13
E930,S074,C024,2024-03-22,active,0.0,2024-03-22
E931,S074,C025,2024-01-26,active,0.0,2024-01-26
SE0541,S074,C026,2024-01-08,active,74.0,2024-02-12
SE0542,S074,C028,2024-01-19,active,55.0,2024-01-31
E932,S074,C030,2024-02-26,active,0.0,2024-03-29
E933,S074,C031,2024-02-17,active,0.0,2024-02-17
E934,S074,C033,2024-02-20,active,0.0,2024-02-29
SE0543,S074,C034,2024-01-07,active,54.0,2024-03-07
E935,S075,C002,2024-02-03,active,0.0,2024-02-03
SE0544,S075,C003,2024-01-19,active,49.0,2024-02-24
E936,S075,C004,2024-01-03,active,0.0,2024-03-16
E937,S075,C006,2024-01-18,active,0.0,2024-02-01
E938,S075,C010,2024-02-27,active,0.0,2024-02-27
E939,S075,C012,2024-02-29,active,0.0,2024-03-17
E940,S075,C013,2024-01-23,active,0.0,2024-02-02
SE0545,S075,C014,2024-03-20,active,42.0,2024-03-31
E941,S075,C018,2024-02-27,active,0.0,2024-03-19
E942,S075,C019,2024-01-02,active,0.0,2024-02-13
SE0546,S075,C020,2024-01-24,active,63.0,2024-02-06
SE0547,S075,C021,2024-01-12,active,56.0,2024-02-12
E943,S075,C022,2024-02-26,active,0.0,2024-02-26
E944,S075,C023,2024-01-25,active,0.0,2024-03-01
SE0548,S075,C024,2024-02-22,active,58.0,2024-03-05
SE0549,S075,C025,2024-03-21,completed,100.0,2024-03-31
E945,S075,C026,2024-02-08,active,0.0,2024-03-29
E946,S075,C028,2024-01-13,active,0.0,2024-01-16
E947,S075,C031,2024-03-21,active,0.0,2024-03-21
SE0550,S075,C033,2024-01-03,active,61.0,2024-01-16
E948,S075,C034,2024-01-28,active,0.0,2024-01-28
E949,S075,C035,2024-01-19,active,0.0,2024-01-27
SE0551,S076,C001,2024-03-20,active,64.0,2024-03-31
E950,S076,C003,2024-01-14,active,0.0,2024-03-13
E951,S076,C010,2024-03-10,active,0.0,2024-03-12
SE0552,S076,C012,2024-02-21,active,52.0,2024-03-04
E952,S076,C013,2024-02-15,active,0.0,2024-02-15
E953,S076,C017,2024-03-20,active,0.0,2024-03-29
SE0553,S076,C018,2024-02-01,active,38.0,2024-02-11
E954,S076,C019,2024-02-01,active,0.0,2024-03-24
SE0554,S076,C020,2024-03-12,active,43.0,2024-03-23
SE0555,S076,C021,2024-01-04,active,40.0,2024-01-15
SE0556,S076,C022,2024-01-07,active,62.0,2024-02-07
SE0557,S076,C023,2024-01-05,active,72.0,2024-03-10
SE0558,S076,C028,2024-02-13,active,50.0,2024-03-07
SE0559,S076,C029,2024-01-08,active,47.0,2024-01-19
E955,S076,C031,2024-02-17,active,0.0,2024-02-17
SE0560,S076,C032,2024-01-25,active,37.0,2024-02-25
SE0561,S076,C033,2024-02-13,active,78.0,2024-03-11
SE0562,S077,C001,2024-02-12,active,62.0,2024-02-25
E956,S077,C004,2024-01-21,active,0.0,2024-01-21
E957,S077,C005,2024-03-01,active,0.0,2024-03-01
SE0563,S077,C006,2024-01-28,active,67.0,2024-03-11
E958,S077,C007,2024-02-15,active,0.0,2024-02-15
SE0564,S077,C008,2024-02-13,active,49.0,2024-02-24
SE0565,S077,C011,2024-01-14,completed,100.0,2024-01-26
E959,S077,C012,2024-03-20,active,0.0,2024-03-20
SE0566,S077,C013,2024-02-09,active,56.0,2024-02-21
E960,S077,C014,2024-01-18,active,0.0,2024-03-08
SE0567,S077,C018,2024-01-05,active,72.0,2024-01-19
E961,S077,C019,2024-02-22,active,0.0,2024-02-22
E962,S077,C022,2024-03-09,active,0.0,2024-03-29
SE0568,S077,C025,2024-02-18,active,43.0,2024-02-29
E963,S077,C027,2024-01-12,active,0.0,2024-01-12
SE0569,S077,C028,2024-01-03,active,68.0,2024-01-16
SE0570,S077,C029,2024-02-05,active,41.0,2024-02-16
E964,S077,C030,2024-01-14,active,0.0,2024-03-14
E965,S077,C032,2024-01-07,active,0.0,2024-01-07
SE0571,S077,C034,2024-01-24,active,66.0,2024-03-01
SE0572,S077,C035,2024-01-01,active,68.0,2024-01-01
SE0573,S078,C001,2024-02-15,active,58.0,2024-03-09
SE0574,S078,C008,2024-03-12,active,53.0,2024-03-24
E966,S078,C010,2024-02-19,active,0.0,2024-03-24
SE0575,S078,C011,2024-01-20,active,76.0,2024-03-14
E967,S078,C013,2024-03-03,active,0.0,2024-03-13
E968,S078,C014,2024-03-11,active,0.0,2024-03-20
E969,S078,C017,2024-01-17,active,0.0,2024-01-17
E970,S078,C020,2024-03-12,active,0.0,2024-03-30
E971,S078,C025,2024-01-04,active,0.0,2024-03-22
E972,S078,C026,2024-02-07,active,0.0,2024-02-07
SE0576,S078,C029,2024-01-26,active,68.0,2024-02-08
E973,S078,C030,2024-02-19,active,0.0,2024-02-19
SE0577,S078,C031,2024-02-18,active,67.0,2024-03-02
E974,S078,C032,2024-03-23,active,0.0,2024-03-23
SE0578,S078,C033,2024-01-09,active,38.0,2024-01-28
SE0579,S079,C003,2024-02-17,active,70.0,2024-03-02
SE0580,S079,C004,2024-01-22,active,42.0,2024-02-26
SE0581,S079,C005,2024-01-16,active,46.0,2024-01-27
E975,S079,C007,2024-01-05,active,0.0,2024-01-05
SE0582,S079,C008,2024-03-01,active,58.0,2024-03-13
E976,S079,C009,2024-02-01,active,0.0,2024-02-01
SE0583,S079,C010,2024-03-19,active,48.0,2024-03-30
E977,S079,C011,2024-01-14,active,0.0,2024-02-21
E978,S079,C012,2024-02-27,active,0.0,2024-02-27
E979,S079,C016,2024-03-15,active,0.0,2024-03-19
SE0584,S079,C017,2024-01-11,active,63.0,2024-01-24
E980,S079,C018,2024-01-31,active,0.0,2024-01-31
SE0585,S079,C019,2024-01-05,active,68.0,2024-02-25
E981,S079,C022,2024-02-10,active,0.0,2024-02-22
E982,S079,C024,2024-01-02,active,0.0,2024-01-02
SE0586,S079,C025,2024-03-14,active,50.0,2024-03-26
E983,S079,C026,2024-03-11,active,0.0,2024-03-31
SE0587,S079,C027,2024-01-18,active,50.0,2024-02-05
E984,S079,C030,2024-01-05,active,0.0,2024-03-14
SE0588,S079,C032,2024-01-24,active,36.0,2024-02-03
E985,S080,C003,2024-01-05,active,0.0,2024-02-01
E986,S080,C006,2024-02-08,active,0.0,2024-02-08
E987,S080,C007,2024-02-05,active,0.0,2024-02-05
SE0589,S080,C008,2024-03-06,active,62.0,2024-03-19
E988,S080,C011,2024-01-03,active,0.0,2024-01-03
SE0590,S080,C012,2024-02-16,active,65.0,2024-02-29
E989,S080,C013,2024-03-03,active,0.0,2024-03-25
E990,S080,C014,2024-02-29,active,0.0,2024-02-29
SE0591,S080,C016,2024-01-06,active,61.0,2024-02-10
E991,S080,C018,2024-02-12,active,0.0,2024-03-16
SE0592,S080,C019,2024-02-24,active,75.0,2024-03-20
E992,S080,C022,2024-03-14,active,0.0,2024-03-14
E993,S080,C023,2024-02-22,active,0.0,2024-03-07
E994,S080,C025,2024-02-25,active,0.0,2024-02-25
SE0593,S080,C028,2024-02-13,active,64.0,2024-02-26
E995,S080,C029,2024-01-06,active,0.0,2024-02-05
SE0594,S080,C030,2024-01-22,active,45.0,2024-02-02
SE0595,S080,C033,2024-01-16,active,79.0,2024-01-30
SE0596,S080,C034,2024-01-01,active,50.0,2024-01-08
E996,S080,C035,2024-02-03,active,0.0,2024-02-03
SE0597,S081,C001,2024-03-11,active,70.0,2024-03-25
E997,S081,C004,2024-02-14,active,0.0,2024-02-15
E998,S081,C005,2024-03-24,active,0.0,2024-03-24
E999,S081,C006,2024-01-24,active,0.0,2024-01-24
SE0598,S081,C007,2024-01-18,active,43.0,2024-01-29
SE0599,S081,C009,2024-02-18,active,53.0,2024-03-06
E1000,S081,C010,2024-03-20,active,0.0,2024-03-29
E1001,S081,C011,2024-03-27,active,0.0,2024-03-28
E1002,S081,C012,2024-02-29,active,0.0,2024-02-29
E1003,S081,C014,2024-01-03,active,0.0,2024-02-11
E1004,S081,C017,2024-02-11,active,0.0,2024-03-30
E1005,S081,C018,2024-03-07,active,0.0,2024-03-07
SE0600,S081,C019,2024-02-02,active,51.0,2024-02-20
E1006,S081,C023,2024-03-27,active,0.0,2024-03-27
E1007,S081,C025,2024-01-09,active,0.0,2024-02-14
E1008,S081,C026,2024-01-10,active,0.0,2024-01-10
SE0601,S081,C028,2024-03-17,active,49.0,2024-03-28
E1009,S081,C030,2024-01-07,active,0.0,2024-03-03
SE0602,S081,C032,2024-02-15,active,63.0,2024-02-28
SE0603,S081,C033,2024-03-01,active,48.0,2024-03-12
E1010,S081,C035,2024-02-09,active,0.0,2024-02-09
SE0604,S082,C001,2024-01-04,active,48.0,2024-01-20
E1011,S082,C003,2024-01-24,active,0.0,2024-01-24
E1012,S082,C004,2024-03-19,active,0.0,2024-03-28
E1013,S082,C005,2024-01-02,active,0.0,2024-01-04
E1014,S082,C007,2024-01-31,active,0.0,2024-01-31
E1015,S082,C010,2024-01-10,active,0.0,2024-01-22
E1016,S082,C011,2024-03-22,active,0.0,2024-03-30
E1017,S082,C012,2024-02-07,active,0.0,2024-02-07
E1018,S082,C013,2024-03-12,active,0.0,2024-03-12
E1019,S082,C015,2024-03-16,active,0.0,2024-03-29
E1020,S082,C017,2024-02-08,active,0.0,2024-02-08
E1021,S082,C018,2024-01-08,active,0.0,2024-03-14
E1022,S082,C020,2024-01-25,active,0.0,2024-01-25
E1023,S082,C021,2024-01-12,active,0.0,2024-01-12
SE0605,S082,C022,2024-01-03,active,62.0,2024-03-31
E1024,S082,C023,2024-02-19,active,0.0,2024-03-23
SE0606,S082,C026,2024-01-13,active,36.0,2024-01-23
E1025,S082,C032,2024-03-09,active,0.0,2024-03-09
E1026,S082,C033,2024-01-08,active,0.0,2024-01-08
E1027,S082,C035,2024-02-26,active,0.0,2024-03-16
SE0607,S083,C004,2024-01-14,active,37.0,2024-01-24
E1028,S083,C008,2024-03-19,active,0.0,2024-03-19
SE0608,S083,C010,2024-02-01,active,64.0,2024-02-14
SE0609,S083,C013,2024-01-30,active,43.0,2024-02-10
E1029,S083,C014,2024-02-14,active,0.0,2024-02-14
SE0610,S083,C016,2024-01-13,completed,100.0,2024-01-28
SE0611,S083,C018,2024-01-03,active,66.0,2024-01-16
E1030,S083,C019,2024-02-27,active,0.0,2024-03-16
E1031,S083,C021,2024-02-08,active,0.0,2024-03-26
E1032,S083,C023,2024-02-03,active,0.0,2024-02-18
E1033,S083,C025,2024-03-04,active,0.0,2024-03-11
SE0612,S083,C026,2024-02-15,active,53.0,2024-02-27
SE0613,S083,C027,2024-02-05,active,35.0,2024-02-15
E1034,S083,C028,2024-01-01,active,0.0,2024-01-08
SE0614,S083,C031,2024-02-16,active,37.0,2024-03-21
SE0615,S083,C032,2024-01-18,active,38.0,2024-01-28
E1035,S083,C033,2024-01-12,active,0.0,2024-01-12
E1036,S083,C034,2024-01-17,active,0.0,2024-01-17
E1037,S083,C035,2024-02-04,active,0.0,2024-02-04
SE0616,S084,C001,2024-03-14,active,79.0,2024-03-31
E1038,S084,C005,2024-02-12,active,0.0,2024-02-12
E1039,S084,C006,2024-01-08,active,0.0,2024-01-19
SE0617,S084,C008,2024-02-02,active,52.0,2024-02-22
E1040,S084,C013,2024-02-18,active,0.0,2024-02-18
SE0618,S084,C014,2024-02-16,active,61.0,2024-02-29
SE0619,S084,C016,2024-01-12,active,53.0,2024-01-30
SE0620,S084,C019,2024-03-10,active,44.0,2024-03-21
SE0621,S084,C025,2024-02-29,active,42.0,2024-03-11
SE0622,S084,C030,2024-01-29,active,37.0,2024-03-02
E1041,S084,C031,2024-03-19,active,0.0,2024-03-29
E1042,S084,C033,2024-03-10,active,0.0,2024-03-10
SE0623,S084,C035,2024-02-06,active,61.0,2024-03-09
E1043,S085,C003,2024-02-25,active,0.0,2024-02-25
E1044,S085,C004,2024-02-22,active,0.0,2024-03-14
E1045,S085,C006,2024-01-18,active,0.0,2024-01-18
E1046,S085,C007,2024-02-16,active,0.0,2024-02-16
E1047,S085,C009,2024-02-13,active,0.0,2024-03-10
SE0624,S085,C013,2024-01-25,active,78.0,2024-02-08
E1048,S085,C014,2024-02-20,active,0.0,2024-02-20
E1049,S085,C015,2024-02-12,active,0.0,2024-02-19
E1050,S085,C017,2024-01-03,active,0.0,2024-02-01
SE0625,S085,C018,2024-01-03,active,60.0,2024-02-28
E1051,S085,C019,2024-02-05,active,0.0,2024-02-05
SE0626,S085,C021,2024-01-13,active,58.0,2024-02-04
E1052,S085,C022,2024-03-22,active,0.0,2024-03-25
E1053,S085,C023,2024-03-29,active,0.0,2024-03-29
E1054,S085,C027,2024-03-22,active,0.0,2024-03-24
SE0627,S085,C034,2024-02-22,active,65.0,2024-03-06
E1055,S085,C035,2024-03-03,active,0.0,2024-03-03
E1056,S086,C001,2024-01-25,active,0.0,2024-01-25
SE0628,S086,C002,2024-01-30,active,78.0,2024-02-13
E1057,S086,C008,2024-02-23,active,0.0,2024-02-23
SE0629,S086,C010,2024-01-04,active,78.0,2024-01-18
E1058,S086,C012,2024-01-12,active,0.0,2024-01-12
SE0630,S086,C017,2024-01-15,active,40.0,2024-03-15
SE0631,S086,C022,2024-03-09,active,73.0,2024-03-23
SE0632,S086,C023,2024-02-19,active,68.0,2024-03-03
E1059,S086,C026,2024-01-28,active,0.0,2024-01-28
E1060,S086,C027,2024-01-05,active,0.0,2024-01-05
E1061,S086,C028,2024-01-11,active,0.0,2024-03-17
E1062,S086,C029,2024-02-25,active,0.0,2024-03-21
E1063,S087,C002,2024-03-10,active,0.0,2024-03-10
E1064,S087,C004,2024-03-29,active,0.0,2024-03-29
E1065,S087,C005,2024-01-21,active,0.0,2024-01-21
E1066,S087,C006,2024-02-18,active,0.0,2024-03-22
E1067,S087,C007,2024-02-02,active,0.0,2024-02-02
E1068,S087,C009,2024-03-22,active,0.0,2024-03-30
E1069,S087,C011,2024-03-11,active,0.0,2024-03-11
SE0633,S087,C013,2024-01-18,active,75.0,2024-03-31
SE0634,S087,C016,2024-02-20,active,44.0,2024-03-16
SE0635,S087,C019,2024-01-31,active,52.0,2024-03-02
E1070,S087,C022,2024-03-22,active,0.0,2024-03-23
E1071,S087,C023,2024-02-07,active,0.0,2024-03-17
SE0636,S087,C025,2024-02-02,active,62.0,2024-02-15
E1072,S087,C026,2024-02-14,active,0.0,2024-03-13
SE0637,S087,C030,2024-02-01,active,53.0,2024-02-13
E1073,S088,C001,2024-01-22,active,0.0,2024-01-22
SE0638,S088,C002,2024-01-01,active,68.0,2024-01-15
E1074,S088,C007,2024-01-29,active,0.0,2024-03-21
E1075,S088,C008,2024-02-14,active,0.0,2024-02-14
SE0639,S088,C010,2024-02-04,active,50.0,2024-02-11
SE0640,S088,C011,2024-01-10,active,62.0,2024-02-18
E1076,S088,C012,2024-02-05,active,0.0,2024-02-24
E1077,S088,C013,2024-03-14,active,0.0,2024-03-14
E1078,S088,C018,2024-02-22,active,0.0,2024-03-13
E1079,S088,C023,2024-01-04,active,0.0,2024-01-29
E1080,S088,C027,2024-01-14,active,0.0,2024-03-24
E1081,S089,C003,2024-02-20,active,0.0,2024-02-20
E1082,S089,C004,2024-02-08,active,0.0,2024-03-30
E1083,S089,C006,2024-03-23,active,0.0,2024-03-23
E1084,S089,C009,2024-03-24,active,0.0,2024-03-24
E1085,S089,C013,2024-01-15,active,0.0,2024-01-25
SE0641,S089,C016,2024-01-11,active,49.0,2024-01-25
SE0642,S089,C018,2024-02-19,active,38.0,2024-03-26
E1086,S089,C019,2024-01-14,active,0.0,2024-01-14
SE0643,S089,C020,2024-01-28,active,72.0,2024-02-11
E1087,S089,C021,2024-02-23,active,0.0,2024-03-29
SE0644,S089,C022,2024-02-16,active,66.0,2024-02-29
E1088,S089,C023,2024-03-21,active,0.0,2024-03-27
SE0645,S089,C025,2024-01-09,active,38.0,2024-02-28
E1089,S089,C027,2024-02-24,active,0.0,2024-02-24
SE0646,S089,C028,2024-02-25,active,64.0,2024-03-09
E1090,S089,C029,2024-01-20,active,0.0,2024-03-01
SE0647,S089,C031,2024-01-19,active,73.0,2024-02-29
SE0648,S089,C033,2024-01-09,active,36.0,2024-02-11
SE0649,S089,C035,2024-02-04,active,62.0,2024-02-17
SE0650,S090,C001,2024-01-25,active,44.0,2024-02-05
E1091,S090,C002,2024-01-06,active,0.0,2024-02-09
E1092,S090,C003,2024-01-06,active,0.0,2024-03-13
SE0651,S090,C004,2024-03-04,active,62.0,2024-03-17
E1093,S090,C005,2024-01-12,active,0.0,2024-02-10
E1094,S090,C006,2024-01-09,active,0.0,2024-02-09
SE0652,S090,C007,2024-01-17,active,40.0,2024-01-28
E1095,S090,C013,2024-01-15,active,0.0,2024-01-15
SE0653,S090,C014,2024-03-11,active,67.0,2024-03-24
SE0654,S090,C015,2024-02-05,active,70.0,2024-02-19
SE0655,S090,C017,2024-02-05,active,78.0,2024-03-08
E1096,S090,C018,2024-03-28,active,0.0,2024-03-29
SE0656,S090,C020,2024-01-25,active,62.0,2024-02-07
SE0657,S090,C021,2024-02-07,active,70.0,2024-03-12
E1097,S090,C023,2024-02-27,active,0.0,2024-03-30
E1098,S090,C025,2024-03-06,active,0.0,2024-03-07
SE0658,S090,C026,2024-01-28,active,52.0,2024-03-02
E1099,S090,C028,2024-03-22,active,0.0,2024-03-22
SE0659,S090,C029,2024-01-31,active,78.0,2024-02-24
SE0660,S090,C032,2024-02-06,active,75.0,2024-02-20
SE0661,S090,C034,2024-01-25,active,60.0,2024-02-07
E1100,S091,C002,2024-03-28,active,0.0,2024-03-29
E1101,S091,C003,2024-03-12,active,0.0,2024-03-26
E1102,S091,C004,2024-01-24,active,0.0,2024-02-14
E1103,S091,C006,2024-03-07,active,0.0,2024-03-18
E1104,S091,C008,2024-02-27,active,0.0,2024-03-14
E1105,S091,C011,2024-02-11,active,0.0,2024-02-11
E1106,S091,C012,2024-02-02,active,0.0,2024-02-12
SE0662,S091,C013,2024-02-03,active,43.0,2024-02-25
SE0663,S091,C014,2024-02-02,active,57.0,2024-02-14
E1107,S091,C016,2024-01-20,active,0.0,2024-01-20
SE0664,S091,C017,2024-01-30,active,47.0,2024-02-10
E1108,S091,C020,2024-02-08,active,0.0,2024-03-31
E1109,S091,C022,2024-03-22,active,0.0,2024-03-22
SE0665,S091,C024,2024-01-01,active,57.0,2024-01-31
E1110,S091,C025,2024-02-11,active,0.0,2024-03-06
SE0666,S091,C026,2024-02-06,active,60.0,2024-03-29
SE0667,S091,C027,2024-01-14,active,42.0,2024-02-06
SE0668,S091,C029,2024-03-05,active,53.0,2024-03-17
SE0669,S091,C030,2024-02-14,active,76.0,2024-02-28
E1111,S091,C031,2024-02-19,active,0.0,2024-02-23
SE0670,S091,C032,2024-03-15,active,53.0,2024-03-27
E1112,S091,C033,2024-02-02,active,0.0,2024-02-02
E1113,S091,C034,2024-03-10,active,0.0,2024-03-10
E1114,S091,C035,2024-02-01,active,0.0,2024-02-01
E1115,S092,C001,2024-03-11,active,0.0,2024-03-26
E1116,S092,C002,2024-03-28,active,0.0,2024-03-29
E1117,S092,C003,2024-01-28,active,0.0,2024-02-13
E1118,S092,C004,2024-03-19,active,0.0,2024-03-19
E1119,S092,C007,2024-01-02,active,0.0,2024-01-02
E1120,S092,C008,2024-02-21,active,0.0,2024-03-11
E1121,S092,C009,2024-01-30,active,0.0,2024-01-30
SE0671,S092,C010,2024-02-17,active,51.0,2024-02-29
SE0672,S092,C012,2024-01-03,active,79.0,2024-02-22
E1122,S092,C015,2024-02-12,active,0.0,2024-02-14
E1123,S092,C017,2024-01-02,active,0.0,2024-01-02
E1124,S092,C018,2024-03-01,active,0.0,2024-03-01
E1125,S092,C019,2024-03-06,active,0.0,2024-03-06
E1126,S092,C021,2024-02-27,active,0.0,2024-02-27
E1127,S092,C022,2024-02-16,active,0.0,2024-02-16
SE0673,S092,C026,2024-01-12,active,61.0,2024-02-01
E1128,S092,C028,2024-03-11,active,0.0,2024-03-11
SE0674,S092,C031,2024-02-10,active,60.0,2024-03-02
E1129,S092,C035,2024-03-07,active,0.0,2024-03-24
E1130,S093,C001,2024-02-04,active,0.0,2024-02-27
SE0675,S093,C003,2024-01-10,active,63.0,2024-01-23
E1131,S093,C005,2024-01-09,active,0.0,2024-02-23
SE0676,S093,C006,2024-01-19,active,35.0,2024-03-21
SE0677,S093,C008,2024-01-30,active,70.0,2024-03-27
E1132,S093,C009,2024-03-01,active,0.0,2024-03-24
E1133,S093,C010,2024-03-01,active,0.0,2024-03-15
E1134,S093,C011,2024-03-03,active,0.0,2024-03-31
E1135,S093,C013,2024-02-09,active,0.0,2024-02-09
E1136,S093,C016,2024-02-17,active,0.0,2024-02-17
E1137,S093,C017,2024-02-14,active,0.0,2024-03-09
E1138,S093,C018,2024-01-27,active,0.0,2024-02-14
E1139,S093,C021,2024-03-20,active,0.0,2024-03-25
SE0678,S093,C022,2024-01-05,active,56.0,2024-01-17
E1140,S093,C025,2024-02-28,active,0.0,2024-02-28
E1141,S093,C026,2024-02-04,active,0.0,2024-02-17
E1142,S093,C027,2024-01-04,active,0.0,2024-01-06
E1143,S093,C031,2024-01-08,active,0.0,2024-03-06
SE0679,S093,C033,2024-01-19,active,59.0,2024-03-06
SE0680,S093,C034,2024-01-24,active,55.0,2024-03-16
SE0681,S093,C035,2024-03-05,active,48.0,2024-03-16
E1144,S094,C002,2024-03-15,active,0.0,2024-03-27
E1145,S094,C007,2024-02-16,active,0.0,2024-02-16
E1146,S094,C012,2024-01-27,active,0.0,2024-01-27
E1147,S094,C013,2024-03-11,active,0.0,2024-03-27
SE0682,S094,C014,2024-01-14,active,47.0,2024-01-25
SE0683,S094,C016,2024-01-08,active,43.0,2024-01-19
SE0684,S094,C018,2024-01-08,active,54.0,2024-02-10
SE0685,S094,C021,2024-01-04,active,77.0,2024-02-24
E1148,S094,C023,2024-01-20,active,0.0,2024-02-16
E1149,S094,C027,2024-01-27,active,0.0,2024-01-27
E1150,S094,C030,2024-01-30,active,0.0,2024-01-30
SE0686,S094,C032,2024-03-09,active,49.0,2024-03-20
E1151,S094,C034,2024-02-17,active,0.0,2024-02-17
SE0687,S095,C001,2024-01-18,active,43.0,2024-01-29
SE0688,S095,C003,2024-03-06,active,55.0,2024-03-31
E1152,S095,C007,2024-01-15,active,0.0,2024-02-22
E1153,S095,C010,2024-02-24,active,0.0,2024-03-06
E1154,S095,C013,2024-01-24,active,0.0,2024-01-24
E1155,S095,C015,2024-01-08,active,0.0,2024-02-07
E1156,S095,C016,2024-01-24,active,0.0,2024-01-24
E1157,S095,C017,2024-01-13,active,0.0,2024-01-13
E1158,S095,C019,2024-01-14,active,0.0,2024-03-16
E1159,S095,C020,2024-01-06,active,0.0,2024-01-06
SE0689,S095,C022,2024-02-20,active,59.0,2024-03-10
E1160,S095,C027,2024-02-02,active,0.0,2024-02-07
SE0690,S095,C029,2024-02-29,active,47.0,2024-03-11
E1161,S095,C030,2024-03-06,active,0.0,2024-03-06
E1162,S095,C031,2024-01-15,active,0.0,2024-03-06
E1163,S095,C032,2024-02-23,active,0.0,2024-02-23
SE0691,S095,C033,2024-02-05,active,41.0,2024-02-27
SE0692,S095,C034,2024-02-12,active,48.0,2024-03-18
SE0693,S095,C035,2024-01-09,active,61.0,2024-03-13
E1164,S096,C001,2024-03-02,active,0.0,2024-03-02
E1165,S096,C003,2024-01-27,active,0.0,2024-03-21
SE0694,S096,C006,2024-03-14,active,68.0,2024-03-31
E1166,S096,C012,2024-01-14,active,0.0,2024-02-04
SE0695,S096,C015,2024-02-06,active,40.0,2024-02-22
E1167,S096,C019,2024-03-18,active,0.0,2024-03-30
E1168,S096,C023,2024-01-10,active,0.0,2024-01-10
SE0696,S096,C024,2024-02-27,active,44.0,2024-03-18
SE0697,S096,C026,2024-01-06,active,68.0,2024-02-02
E1169,S096,C027,2024-03-02,active,0.0,2024-03-26
SE0698,S096,C029,2024-02-26,active,40.0,2024-03-08
E1170,S096,C031,2024-01-07,active,0.0,2024-01-07
E1171,S097,C002,2024-01-21,active,0.0,2024-02-20
E1172,S097,C007,2024-02-05,active,0.0,2024-02-05
SE0699,S097,C009,2024-02-10,active,54.0,2024-03-30
SE0700,S097,C010,2024-01-22,active,43.0,2024-02-24
SE0701,S097,C013,2024-01-25,active,60.0,2024-02-13
E1173,S097,C014,2024-01-10,active,0.0,2024-01-10
SE0702,S097,C018,2024-01-19,active,45.0,2024-01-30
E1174,S097,C019,2024-03-01,active,0.0,2024-03-11
E1175,S097,C021,2024-01-17,active,0.0,2024-01-17
E1176,S097,C022,2024-01-11,active,0.0,2024-03-22
SE0703,S097,C023,2024-01-06,active,56.0,2024-03-12
SE0704,S097,C024,2024-01-20,active,78.0,2024-02-03
E1177,S097,C026,2024-03-19,active,0.0,2024-03-19
E1178,S097,C027,2024-03-01,active,0.0,2024-03-10
E1179,S097,C028,2024-03-02,active,0.0,2024-03-02
E1180,S097,C031,2024-02-03,active,0.0,2024-02-03
E1181,S097,C032,2024-01-03,active,0.0,2024-03-07
E1182,S097,C034,2024-02-28,active,0.0,2024-03-11
E1183,S098,C002,2024-03-13,active,0.0,2024-03-13
SE0705,S098,C006,2024-01-10,active,73.0,2024-02-17
E1184,S098,C009,2024-03-18,active,0.0,2024-03-18
E1185,S098,C012,2024-01-26,active,0.0,2024-01-26
E1186,S098,C013,2024-03-02,active,0.0,2024-03-19
E1187,S098,C015,2024-03-08,active,0.0,2024-03-08
SE0706,S098,C016,2024-03-09,active,68.0,2024-03-22
E1188,S098,C017,2024-02-14,active,0.0,2024-02-18
SE0707,S098,C020,2024-01-24,active,78.0,2024-02-07
E1189,S098,C021,2024-03-31,active,0.0,2024-03-31
SE0708,S098,C022,2024-01-06,active,67.0,2024-01-19
SE0709,S098,C023,2024-03-09,active,37.0,2024-03-19
E1190,S098,C025,2024-01-15,active,0.0,2024-03-12
E1191,S098,C027,2024-02-20,active,0.0,2024-03-28
E1192,S098,C030,2024-03-21,active,0.0,2024-03-21
SE0710,S098,C032,2024-02-22,active,73.0,2024-03-14
E1193,S098,C033,2024-01-12,active,0.0,2024-03-23
E1194,S098,C035,2024-01-02,active,0.0,2024-02-22
SE0711,S099,C002,2024-01-06,active,59.0,2024-01-18
E1195,S099,C004,2024-03-27,active,0.0,2024-03-27
E1196,S099,C005,2024-01-11,active,0.0,2024-01-11
E1197,S099,C009,2024-03-13,active,0.0,2024-03-16
E1198,S099,C010,2024-02-16,active,0.0,2024-02-16
SE0712,S099,C014,2024-03-11,active,53.0,2024-03-26
SE0713,S099,C015,2024-02-22,active,46.0,2024-03-08
E1199,S099,C016,2024-01-08,active,0.0,2024-01-12
E1200,S099,C018,2024-01-02,active,0.0,2024-02-11
SE0714,S099,C019,2024-01-15,active,72.0,2024-01-29
E1201,S099,C020,2024-02-22,active,0.0,2024-03-17
E1202,S099,C022,2024-02-05,active,0.0,2024-03-09
E1203,S099,C023,2024-03-17,active,0.0,2024-03-29
SE0715,S099,C028,2024-01-31,active,39.0,2024-02-17
SE0716,S099,C030,2024-01-06,active,42.0,2024-01-17
E1204,S099,C031,2024-02-05,active,0.0,2024-02-29
E1205,S099,C033,2024-02-10,active,0.0,2024-03-23
E1206,S099,C034,2024-02-20,active,0.0,2024-03-23
E1207,S100,C005,2024-01-10,active,0.0,2024-03-25
SE0717,S100,C010,2024-01-21,active,74.0,2024-02-04
SE0718,S100,C011,2024-01-02,active,59.0,2024-01-14
E1208,S100,C012,2024-01-12,active,0.0,2024-01-12
E1209,S100,C013,2024-01-19,active,0.0,2024-01-19
E1210,S100,C019,2024-03-06,active,0.0,2024-03-28
SE0719,S100,C020,2024-01-01,active,48.0,2024-01-01
SE0720,S100,C021,2024-01-28,active,41.0,2024-02-08
E1211,S100,C023,2024-03-14,active,0.0,2024-03-29
E1212,S100,C024,2024-02-19,active,0.0,2024-02-19
E1213,S100,C026,2024-02-14,active,0.0,2024-03-03
E1214,S100,C027,2024-02-24,active,0.0,2024-03-12
E1215,S100,C031,2024-03-01,active,0.0,2024-03-26
E1216,S100,C033,2024-02-27,active,0.0,2024-02-27
E1217,S100,C035,2024-01-02,active,0.0,2024-01-02
E1218,S101,C001,2024-03-09,active,0.0,2024-03-30
E1219,S101,C004,2024-01-21,active,0.0,2024-01-21
E1220,S101,C007,2024-02-13,active,0.0,2024-02-13
E1221,S101,C008,2024-01-14,active,0.0,2024-02-24
SE0721,S101,C012,2024-03-18,active,52.0,2024-03-31
SE0722,S101,C015,2024-02-14,active,69.0,2024-02-27
SE0723,S101,C017,2024-01-14,active,38.0,2024-03-30
E1222,S101,C022,2024-02-16,active,0.0,2024-03-20
SE0724,S101,C024,2024-01-02,active,60.0,2024-03-31
SE0725,S101,C025,2024-01-01,active,61.0,2024-01-10
SE0726,S101,C029,2024-03-06,active,79.0,2024-03-20
E1223,S101,C031,2024-02-18,active,0.0,2024-02-18
E1224,S101,C032,2024-02-12,active,0.0,2024-02-12
E1225,S101,C033,2024-01-18,active,0.0,2024-01-18
E1226,S102,C001,2024-03-14,active,0.0,2024-03-15
E1227,S102,C002,2024-02-11,active,0.0,2024-02-11
E1228,S102,C005,2024-03-22,active,0.0,2024-03-26
E1229,S102,C007,2024-02-09,active,0.0,2024-02-09
SE0727,S102,C009,2024-01-29,active,65.0,2024-02-11
SE0728,S102,C011,2024-01-25,active,46.0,2024-02-05
SE0729,S102,C012,2024-01-23,active,57.0,2024-03-17
E1230,S102,C013,2024-03-17,active,0.0,2024-03-31
E1231,S102,C014,2024-02-10,active,0.0,2024-03-12
E1232,S102,C015,2024-01-13,active,0.0,2024-03-12
E1233,S102,C016,2024-02-13,active,0.0,2024-03-29
E1234,S102,C020,2024-03-22,active,0.0,2024-03-22
E1235,S102,C025,2024-02-02,active,0.0,2024-02-27
SE0730,S102,C028,2024-01-22,active,72.0,2024-02-05
E1236,S102,C029,2024-01-20,active,0.0,2024-01-20
SE0731,S102,C030,2024-02-13,active,62.0,2024-02-26
E1237,S102,C032,2024-03-28,active,0.0,2024-03-28
SE0732,S102,C033,2024-03-09,active,71.0,2024-03-31
E1238,S102,C035,2024-02-25,active,0.0,2024-02-25
E1239,S103,C001,2024-03-22,active,0.0,2024-03-31
E1240,S103,C004,2024-03-29,active,0.0,2024-03-29
SE0733,S103,C008,2024-03-23,active,46.0,2024-03-31
SE0734,S103,C013,2024-02-02,active,65.0,2024-02-15
SE0735,S103,C014,2024-02-02,active,35.0,2024-03-31
E1241,S103,C022,2024-02-14,active,0.0,2024-02-17
E1242,S103,C023,2024-01-08,active,0.0,2024-01-08
E1243,S103,C024,2024-01-18,active,0.0,2024-01-18
SE0736,S103,C025,2024-01-21,active,57.0,2024-02-17
E1244,S103,C027,2024-01-15,active,0.0,2024-03-19
E1245,S103,C028,2024-01-07,active,0.0,2024-01-30
E1246,S103,C032,2024-01-02,active,0.0,2024-03-26
E1247,S103,C034,2024-02-04,active,0.0,2024-03-06
E1248,S104,C001,2024-02-02,active,0.0,2024-02-02
SE0737,S104,C002,2024-02-08,active,77.0,2024-02-22
SE0738,S104,C005,2024-02-06,active,66.0,2024-02-19
E1249,S104,C009,2024-01-20,active,0.0,2024-01-26
E1250,S104,C012,2024-02-28,active,0.0,2024-02-28
E1251,S104,C013,2024-02-21,active,0.0,2024-02-27
E1252,S104,C015,2024-01-29,active,0.0,2024-03-19
E1253,S104,C016,2024-02-24,active,0.0,2024-03-16
E1254,S104,C017,2024-01-03,active,0.0,2024-01-03
E1255,S104,C020,2024-03-16,active,0.0,2024-03-16
E1256,S104,C023,2024-02-17,active,0.0,2024-02-19
E1257,S104,C024,2024-01-09,active,0.0,2024-01-09
E1258,S104,C025,2024-03-04,active,0.0,2024-03-08
SE0739,S104,C026,2024-01-04,active,67.0,2024-02-28
E1259,S104,C027,2024-01-29,active,0.0,2024-03-01
SE0740,S104,C028,2024-03-05,active,63.0,2024-03-22
E1260,S104,C031,2024-02-08,active,0.0,2024-03-04
E1261,S104,C032,2024-01-14,active,0.0,2024-03-15
SE0741,S104,C033,2024-02-20,active,51.0,2024-03-03
E1262,S104,C034,2024-02-12,active,0.0,2024-02-12
SE0742,S104,C035,2024-01-18,active,62.0,2024-01-31
E1263,S105,C003,2024-02-01,active,0.0,2024-03-22
E1264,S105,C004,2024-02-20,active,0.0,2024-03-27
E1265,S105,C006,2024-02-20,active,0.0,2024-02-20
E1266,S105,C007,2024-02-02,active,0.0,2024-03-24
SE0743,S105,C008,2024-03-05,active,77.0,2024-03-19
E1267,S105,C009,2024-03-14,active,0.0,2024-03-22
E1268,S105,C010,2024-01-05,active,0.0,2024-03-29
SE0744,S105,C011,2024-02-23,active,37.0,2024-03-19
SE0745,S105,C013,2024-01-07,active,57.0,2024-01-19
E1269,S105,C015,2024-01-04,active,0.0,2024-03-24
E1270,S105,C016,2024-03-22,active,0.0,2024-03-22
SE0746,S105,C018,2024-02-13,active,76.0,2024-03-09
E1271,S105,C019,2024-01-18,active,0.0,2024-01-30
E1272,S105,C024,2024-03-05,active,0.0,2024-03-18
E1273,S105,C025,2024-02-06,active,0.0,2024-02-11
E1274,S105,C026,2024-02-23,active,0.0,2024-03-22
SE0747,S105,C031,2024-01-05,active,36.0,2024-01-15
E1275,S105,C032,2024-02-07,active,0.0,2024-02-07
E1276,S105,C033,2024-01-23,active,0.0,2024-03-22
E1277,S106,C001,2024-01-30,active,0.0,2024-01-30
E1278,S106,C002,2024-01-02,active,0.0,2024-02-23
E1279,S106,C003,2024-03-27,active,0.0,2024-03-27
SE0748,S106,C004,2024-01-24,active,60.0,2024-02-06
E1280,S106,C005,2024-03-11,active,0.0,2024-03-22
E1281,S106,C007,2024-03-10,active,0.0,2024-03-19
E1282,S106,C009,2024-01-21,active,0.0,2024-03-03
E1283,S106,C012,2024-01-28,active,0.0,2024-02-14
E1284,S106,C015,2024-03-03,active,0.0,2024-03-09
E1285,S106,C017,2024-03-17,active,0.0,2024-03-17
E1286,S106,C018,2024-01-21,active,0.0,2024-03-21
E1287,S106,C021,2024-02-10,active,0.0,2024-03-06
E1288,S106,C022,2024-01-25,active,0.0,2024-01-25
E1289,S106,C026,2024-02-25,active,0.0,2024-02-25
SE0749,S106,C028,2024-03-01,active,63.0,2024-03-14
E1290,S106,C033,2024-03-15,active,0.0,2024-03-25
E1291,S106,C034,2024-03-07,active,0.0,2024-03-07
E1292,S107,C003,2024-02-02,active,0.0,2024-02-09
E1293,S107,C005,2024-01-25,active,0.0,2024-03-25
E1294,S107,C006,2024-03-09,active,0.0,2024-03-09
E1295,S107,C007,2024-03-16,active,0.0,2024-03-25
SE0750,S107,C008,2024-02-14,active,74.0,2024-02-28
SE0751,S107,C009,2024-03-11,active,46.0,2024-03-31
SE0752,S107,C010,2024-02-25,active,58.0,2024-03-08
SE0753,S107,C011,2024-02-18,completed,100.0,2024-03-17
E1296,S107,C012,2024-02-08,active,0.0,2024-03-12
SE0754,S107,C013,2024-01-21,active,69.0,2024-02-16
SE0755,S107,C014,2024-02-13,active,37.0,2024-02-23
E1297,S107,C015,2024-03-19,active,0.0,2024-03-19
E1298,S107,C017,2024-03-14,active,0.0,2024-03-25
SE0756,S107,C018,2024-01-04,active,71.0,2024-02-24
SE0757,S107,C022,2024-01-12,active,65.0,2024-03-14
E1299,S107,C023,2024-03-06,active,0.0,2024-03-26
E1300,S107,C025,2024-03-02,active,0.0,2024-03-02
SE0758,S107,C026,2024-01-05,active,58.0,2024-01-17
E1301,S107,C029,2024-03-29,active,0.0,2024-03-31
E1302,S107,C030,2024-01-27,active,0.0,2024-01-27
E1303,S107,C035,2024-02-16,active,0.0,2024-02-16
E1304,S108,C001,2024-01-15,active,0.0,2024-01-15
E1305,S108,C002,2024-01-14,active,0.0,2024-01-14
E1306,S108,C003,2024-03-30,active,0.0,2024-03-30
SE0759,S108,C004,2024-01-30,active,47.0,2024-03-31
E1307,S108,C006,2024-02-23,active,0.0,2024-02-27
E1308,S108,C011,2024-01-28,active,0.0,2024-02-19
SE0760,S108,C014,2024-02-23,active,48.0,2024-03-26
E1309,S108,C021,2024-02-06,active,0.0,2024-02-06
SE0761,S108,C022,2024-01-07,active,66.0,2024-01-20
SE0762,S108,C023,2024-01-24,active,51.0,2024-02-05
E1310,S108,C025,2024-02-20,active,0.0,2024-02-21
E1311,S108,C026,2024-02-04,active,0.0,2024-02-04
E1312,S108,C027,2024-01-24,active,0.0,2024-01-24
E1313,S108,C028,2024-01-17,active,0.0,2024-01-17
E1314,S108,C031,2024-03-17,active,0.0,2024-03-17
E1315,S108,C034,2024-01-28,active,0.0,2024-01-28
SE0763,S108,C035,2024-01-28,active,47.0,2024-02-08
SE0764,S109,C001,2024-01-22,active,55.0,2024-02-06
E1316,S109,C004,2024-01-31,active,0.0,2024-03-01
E1317,S109,C007,2024-02-11,active,0.0,2024-02-11
E1318,S109,C008,2024-03-26,active,0.0,2024-03-30
E1319,S109,C009,2024-01-17,active,0.0,2024-01-17
E1320,S109,C012,2024-01-29,active,0.0,2024-02-18
SE0765,S109,C014,2024-01-03,active,74.0,2024-01-17
E1321,S109,C015,2024-01-03,active,0.0,2024-02-24
SE0766,S109,C024,2024-02-03,active,78.0,2024-02-17
SE0767,S109,C025,2024-02-09,active,40.0,2024-02-20
E1322,S109,C026,2024-02-11,active,0.0,2024-03-07
SE0768,S109,C027,2024-02-07,active,51.0,2024-02-19
E1323,S109,C030,2024-03-23,active,0.0,2024-03-23
E1324,S109,C031,2024-03-14,active,0.0,2024-03-26
SE0769,S109,C033,2024-01-18,active,43.0,2024-02-10
SE0770,S110,C002,2024-03-13,active,51.0,2024-03-25
E1325,S110,C003,2024-01-05,active,0.0,2024-01-05
E1326,S110,C005,2024-03-19,active,0.0,2024-03-24
SE0771,S110,C006,2024-02-15,active,57.0,2024-02-27
SE0772,S110,C009,2024-02-17,active,61.0,2024-03-01
SE0773,S110,C011,2024-03-10,active,77.0,2024-03-24
E1327,S110,C012,2024-01-25,active,0.0,2024-03-17
E1328,S110,C013,2024-03-23,active,0.0,2024-03-23
SE0774,S110,C014,2024-02-18,active,53.0,2024-03-01
E1329,S110,C019,2024-02-20,active,0.0,2024-03-11
E1330,S110,C021,2024-01-29,active,0.0,2024-01-29
E1331,S110,C022,2024-03-07,active,0.0,2024-03-18
SE0775,S110,C028,2024-02-04,active,67.0,2024-02-17
E1332,S110,C029,2024-03-08,active,0.0,2024-03-10
SE0776,S110,C031,2024-01-08,active,60.0,2024-01-21
E1333,S110,C034,2024-02-18,active,0.0,2024-02-18
E1334,S111,C001,2024-01-15,active,0.0,2024-02-07
E1335,S111,C006,2024-03-12,active,0.0,2024-03-12
E1336,S111,C009,2024-01-01,active,0.0,2024-01-01
E1337,S111,C011,2024-02-25,active,0.0,2024-03-02
E1338,S111,C016,2024-01-27,active,0.0,2024-02-16
E1339,S111,C017,2024-03-14,active,0.0,2024-03-14
E1340,S111,C018,2024-03-23,active,0.0,2024-03-23
SE0777,S111,C025,2024-01-07,active,72.0,2024-01-21
E1341,S111,C026,2024-03-19,active,0.0,2024-03-19
E1342,S111,C029,2024-03-26,active,0.0,2024-03-26
SE0778,S111,C030,2024-01-01,active,48.0,2024-01-07
E1343,S111,C033,2024-03-04,active,0.0,2024-03-29
E1344,S111,C035,2024-02-17,active,0.0,2024-02-26
SE0779,S112,C006,2024-02-29,active,62.0,2024-03-13
E1345,S112,C007,2024-03-21,active,0.0,2024-03-21
E1346,S112,C008,2024-02-17,active,0.0,2024-03-19
SE0780,S112,C009,2024-01-23,active,38.0,2024-02-02
E1347,S112,C010,2024-01-01,active,0.0,2024-02-07
SE0781,S112,C011,2024-03-20,active,64.0,2024-03-31
SE0782,S112,C012,2024-02-10,active,43.0,2024-02-21
SE0783,S112,C013,2024-01-01,active,53.0,2024-01-13
SE0784,S112,C014,2024-01-07,active,62.0,2024-02-24
E1348,S112,C016,2024-01-07,active,0.0,2024-03-19
E1349,S112,C017,2024-02-24,active,0.0,2024-02-24
E1350,S112,C018,2024-01-07,active,0.0,2024-01-07
E1351,S112,C019,2024-01-04,active,0.0,2024-01-04
E1352,S112,C020,2024-02-13,active,0.0,2024-03-24
E1353,S112,C021,2024-02-25,active,0.0,2024-02-25
E1354,S112,C022,2024-03-01,active,0.0,2024-03-27
SE0785,S112,C024,2024-02-19,active,70.0,2024-03-04
E1355,S112,C026,2024-03-13,active,0.0,2024-03-13
E1356,S112,C027,2024-01-17,active,0.0,2024-02-18
SE0786,S112,C032,2024-01-02,active,37.0,2024-02-16
SE0787,S112,C033,2024-02-11,active,70.0,2024-03-19
E1357,S112,C034,2024-01-19,active,0.0,2024-03-01
E1358,S113,C002,2024-02-28,active,0.0,2024-02-28
E1359,S113,C004,2024-01-21,active,0.0,2024-02-25
E1360,S113,C005,2024-02-07,active,0.0,2024-02-07
SE0788,S113,C009,2024-01-16,active,76.0,2024-03-16
E1361,S113,C010,2024-02-26,active,0.0,2024-03-19
SE0789,S113,C011,2024-01-21,active,68.0,2024-02-26
E1362,S113,C014,2024-01-05,active,0.0,2024-03-07
SE0790,S113,C015,2024-01-02,active,71.0,2024-02-15
E1363,S113,C016,2024-02-15,active,0.0,2024-02-15
E1364,S113,C018,2024-02-29,active,0.0,2024-03-16
SE0791,S113,C020,2024-01-15,active,46.0,2024-01-26
E1365,S113,C022,2024-01-19,active,0.0,2024-01-19
E1366,S113,C027,2024-03-29,active,0.0,2024-03-29
E1367,S113,C029,2024-03-05,active,0.0,2024-03-05
E1368,S113,C030,2024-01-19,active,0.0,2024-02-26
E1369,S113,C031,2024-01-27,active,0.0,2024-01-27
E1370,S113,C032,2024-01-06,active,0.0,2024-01-07
E1371,S113,C034,2024-02-01,active,0.0,2024-02-01
E1372,S114,C002,2024-01-30,active,0.0,2024-03-12
E1373,S114,C005,2024-02-27,active,0.0,2024-03-17
E1374,S114,C006,2024-01-04,active,0.0,2024-01-12
E1375,S114,C007,2024-03-14,active,0.0,2024-03-14
E1376,S114,C008,2024-01-04,active,0.0,2024-01-04
E1377,S114,C012,2024-01-16,active,0.0,2024-01-16
E1378,S114,C015,2024-01-17,active,0.0,2024-02-29
SE0792,S114,C017,2024-01-10,active,46.0,2024-02-27
E1379,S114,C019,2024-01-27,active,0.0,2024-01-27
E1380,S114,C020,2024-02-24,active,0.0,2024-02-24
E1381,S114,C021,2024-02-25,active,0.0,2024-02-25
E1382,S114,C024,2024-02-12,active,0.0,2024-03-18
E1383,S114,C026,2024-02-19,active,0.0,2024-02-19
SE0793,S114,C028,2024-01-02,active,53.0,2024-01-21
E1384,S114,C034,2024-01-10,active,0.0,2024-02-22
SE0794,S115,C001,2024-02-13,active,45.0,2024-02-29
E1385,S115,C003,2024-02-23,active,0.0,2024-02-25
E1386,S115,C004,2024-02-15,active,0.0,2024-03-20
SE0795,S115,C006,2024-01-31,active,41.0,2024-02-11
SE0796,S115,C007,2024-01-05,active,67.0,2024-03-21
E1387,S115,C008,2024-01-03,active,0.0,2024-01-23
E1388,S115,C009,2024-02-27,active,0.0,2024-02-27
E1389,S115,C010,2024-03-04,active,0.0,2024-03-04
E1390,S115,C011,2024-01-19,active,0.0,2024-01-19
SE0797,S115,C012,2024-01-19,active,38.0,2024-03-02
SE0798,S115,C013,2024-02-07,active,58.0,2024-02-19
E1391,S115,C014,2024-02-26,active,0.0,2024-02-26
E1392,S115,C015,2024-01-10,active,0.0,2024-01-30
E1393,S115,C016,2024-03-22,active,0.0,2024-03-27
E1394,S115,C019,2024-01-12,active,0.0,2024-01-12
E1395,S115,C020,2024-03-02,active,0.0,2024-03-02
E1396,S115,C022,2024-02-23,active,0.0,2024-03-29
E1397,S115,C023,2024-03-17,active,0.0,2024-03-17
E1398,S115,C025,2024-02-01,active,0.0,2024-03-22
E1399,S115,C027,2024-01-22,active,0.0,2024-01-22
E1400,S115,C030,2024-02-29,active,0.0,2024-02-29
SE0799,S115,C031,2024-01-29,active,79.0,2024-02-20
E1401,S115,C034,2024-03-05,active,0.0,2024-03-28
SE0800,S115,C035,2024-02-19,active,76.0,2024-03-06
E1402,S116,C001,2024-01-23,active,0.0,2024-02-09
E1403,S116,C006,2024-03-09,active,0.0,2024-03-09
SE0801,S116,C007,2024-01-06,active,65.0,2024-02-01
E1404,S116,C011,2024-01-22,active,0.0,2024-02-25
E1405,S116,C013,2024-03-24,active,0.0,2024-03-25
E1406,S116,C014,2024-02-26,active,0.0,2024-03-27
SE0802,S116,C015,2024-03-15,active,66.0,2024-03-28
SE0803,S116,C016,2024-02-20,active,51.0,2024-03-03
E1407,S116,C021,2024-03-28,active,0.0,2024-03-28
E1408,S116,C027,2024-02-10,active,0.0,2024-03-27
SE0804,S116,C028,2024-01-09,active,64.0,2024-01-22
SE0805,S116,C030,2024-03-11,active,65.0,2024-03-24
E1409,S116,C031,2024-03-30,active,0.0,2024-03-30
E1410,S116,C032,2024-01-04,active,0.0,2024-02-02
E1411,S116,C033,2024-03-15,active,0.0,2024-03-27
E1412,S116,C034,2024-01-15,active,0.0,2024-03-25
SE0806,S116,C035,2024-01-06,active,41.0,2024-01-19
E1413,S117,C002,2024-01-15,active,0.0,2024-03-17
SE0807,S117,C003,2024-01-04,active,47.0,2024-01-15
SE0808,S117,C004,2024-01-10,active,56.0,2024-02-04
SE0809,S117,C007,2024-02-08,active,49.0,2024-02-19
SE0810,S117,C010,2024-01-14,active,59.0,2024-03-20
SE0811,S117,C011,2024-01-15,active,75.0,2024-02-19
E1414,S117,C012,2024-01-13,active,0.0,2024-01-13
SE0812,S117,C014,2024-02-05,active,79.0,2024-02-19
SE0813,S117,C015,2024-01-09,active,56.0,2024-01-21
E1415,S117,C016,2024-03-01,active,0.0,2024-03-03
SE0814,S117,C023,2024-01-18,active,56.0,2024-02-11
E1416,S117,C028,2024-01-06,active,0.0,2024-01-06
SE0815,S117,C029,2024-01-21,active,78.0,2024-02-07
E1417,S117,C030,2024-02-17,active,0.0,2024-02-19
SE0816,S117,C032,2024-01-15,active,52.0,2024-02-08
E1418,S117,C033,2024-03-31,active,0.0,2024-03-31
E1419,S117,C034,2024-03-21,active,0.0,2024-03-21
E1420,S118,C004,2024-03-18,active,0.0,2024-03-18
SE0817,S118,C005,2024-01-25,active,41.0,2024-02-05
E1421,S118,C006,2024-03-17,active,0.0,2024-03-18
E1422,S118,C010,2024-03-07,active,0.0,2024-03-07
E1423,S118,C017,2024-01-08,active,0.0,2024-01-08
E1424,S118,C018,2024-01-27,active,0.0,2024-03-23
SE0818,S118,C019,2024-01-09,active,75.0,2024-01-23
E1425,S118,C020,2024-02-29,active,0.0,2024-02-29
E1426,S118,C024,2024-03-27,active,0.0,2024-03-29
SE0819,S118,C025,2024-01-28,active,41.0,2024-02-08
E1427,S118,C028,2024-03-01,active,0.0,2024-03-01
E1428,S118,C029,2024-01-03,active,0.0,2024-02-29
E1429,S118,C030,2024-03-02,active,0.0,2024-03-05
SE0820,S118,C031,2024-01-06,active,47.0,2024-01-17
E1430,S118,C032,2024-03-08,active,0.0,2024-03-18
SE0821,S118,C034,2024-01-01,active,38.0,2024-01-08
E1431,S119,C001,2024-01-06,active,0.0,2024-01-15
E1432,S119,C006,2024-02-11,active,0.0,2024-02-11
E1433,S119,C007,2024-01-27,active,0.0,2024-01-27
SE0822,S119,C011,2024-02-11,active,49.0,2024-02-22
E1434,S119,C014,2024-01-21,active,0.0,2024-01-24
E1435,S119,C015,2024-01-07,active,0.0,2024-01-07
E1436,S119,C016,2024-03-18,active,0.0,2024-03-18
E1437,S119,C021,2024-03-14,active,0.0,2024-03-14
E1438,S119,C023,2024-01-27,active,0.0,2024-01-27
E1439,S119,C024,2024-03-26,active,0.0,2024-03-30
E1440,S119,C026,2024-03-26,active,0.0,2024-03-26
E1441,S119,C028,2024-01-05,active,0.0,2024-01-05
SE0823,S119,C029,2024-01-02,active,58.0,2024-01-14
SE0824,S119,C030,2024-02-13,active,40.0,2024-03-23
E1442,S119,C033,2024-01-12,active,0.0,2024-01-12
E1443,S119,C035,2024-02-03,active,0.0,2024-03-29
SE0825,S120,C001,2024-01-28,active,55.0,2024-02-27
SE0826,S120,C003,2024-01-20,active,54.0,2024-02-05
E1444,S120,C004,2024-03-05,active,0.0,2024-03-31
E1445,S120,C006,2024-02-24,active,0.0,2024-02-24
E1446,S120,C008,2024-02-15,active,0.0,2024-03-26
SE0827,S120,C011,2024-02-21,active,56.0,2024-03-04
E1447,S120,C014,2024-01-15,active,0.0,2024-01-29
E1448,S120,C016,2024-03-13,active,0.0,2024-03-13
E1449,S120,C017,2024-01-15,active,0.0,2024-01-27
E1450,S120,C018,2024-01-18,active,0.0,2024-02-13
SE0828,S120,C020,2024-01-29,active,71.0,2024-02-12
E1451,S120,C021,2024-03-07,active,0.0,2024-03-19
E1452,S120,C022,2024-02-29,active,0.0,2024-02-29
SE0829,S120,C023,2024-02-09,active,71.0,2024-02-23
E1453,S120,C026,2024-03-23,active,0.0,2024-03-29
E1454,S120,C028,2024-01-11,active,0.0,2024-02-19
SE0830,S120,C032,2024-03-01,active,74.0,2024-03-27
E1455,S120,C033,2024-03-10,active,0.0,2024-03-14
E002,S001,C003,2024-01-18,active,22.0,2024-01-25
E003,S001,C008,2024-02-01,active,5.0,2024-02-01
E004,S002,C004,2024-01-10,completed,100.0,2024-01-25
E006,S002,C006,2024-01-18,active,50.0,2024-01-25
E007,S002,C031,2024-01-30,active,5.0,2024-01-30
E009,S003,C008,2024-01-22,active,12.0,2024-01-30
E011,S004,C003,2024-01-15,active,22.0,2024-01-28
E013,S005,C006,2024-01-09,completed,100.0,2024-01-20
E016,S006,C008,2024-02-02,active,12.0,2024-02-07
E018,S007,C006,2024-01-06,completed,100.0,2024-01-16
E021,S008,C008,2024-01-25,active,18.0,2024-02-01
E023,S008,C010,2024-01-27,active,15.0,2024-01-27
E025,S009,C014,2024-01-19,completed,100.0,2024-01-30
E026,S009,C031,2024-01-20,active,45.0,2024-02-01
E027,S010,C027,2024-01-12,completed,100.0,2024-01-22
E032,S012,C031,2024-01-16,active,50.0,2024-02-01
E037,S013,C019,2024-01-24,active,18.0,2024-01-24
E038,S014,C022,2024-01-10,completed,100.0,2024-01-20
E040,S015,C001,2024-02-10,active,5.0,2024-02-18
E041,S015,C016,2024-02-11,active,8.0,2024-02-11
E043,S016,C017,2024-01-29,active,18.0,2024-02-07
E047,S018,C014,2024-02-09,active,12.0,2024-02-09
E048,S019,C004,2024-01-20,completed,100.0,2024-01-30
E050,S020,C008,2024-01-25,active,45.0,2024-02-03
E053,S021,C006,2024-01-06,completed,100.0,2024-01-18
E055,S022,C008,2024-02-12,active,10.0,2024-02-20
E061,S024,C025,2024-01-04,completed,100.0,2024-01-18
E062,S025,C001,2024-02-15,active,12.0,2024-02-22
E063,S025,C016,2024-02-16,active,15.0,2024-02-16
E065,S026,C014,2024-01-19,active,54.0,2024-01-30
E066,S027,C001,2024-01-28,completed,100.0,2024-02-08
E067,S027,C003,2024-01-29,active,45.0,2024-02-10
E071,S029,C016,2024-02-19,active,8.0,2024-02-19
E072,S030,C004,2024-01-22,completed,100.0,2024-02-01
E074,S031,C020,2024-01-10,completed,100.0,2024-01-20
E076,S032,C008,2024-02-20,active,12.0,2024-02-28
E078,S033,C004,2024-01-15,completed,100.0,2024-01-26
E079,S033,C005,2024-01-16,active,45.0,2024-01-28
E080,S034,C008,2024-01-25,active,20.0,2024-02-01
E084,S036,C001,2024-02-22,active,8.0,2024-03-01
E087,S037,C018,2024-01-31,active,22.0,2024-02-10
E089,S038,C015,2024-01-09,completed,100.0,2024-01-22
E088,S038,C027,2024-01-08,completed,100.0,2024-01-20
E090,S039,C001,2024-02-25,active,10.0,2024-03-03
E091,S039,C017,2024-02-26,active,12.0,2024-02-26
E093,S040,C024,2024-01-21,active,60.0,2024-02-03
E096,S042,C005,2024-01-05,completed,100.0,2024-01-16
E097,S042,C006,2024-01-06,completed,100.0,2024-01-18
E099,S043,C001,2024-03-04,active,5.0,2024-03-08
E101,S044,C009,2024-01-28,active,20.0,2024-02-03
E102,S045,C022,2024-01-14,completed,100.0,2024-01-20
E103,S045,C023,2024-01-16,active,45.0,2024-01-22
E104,S046,C008,2024-02-14,active,12.0,2024-02-18
E109,S049,C005,2024-01-12,completed,100.0,2024-01-18
E110,S049,C025,2024-01-14,active,50.0,2024-01-20
E111,S050,C001,2024-03-06,active,5.0,2024-03-10
E112,S050,C008,2024-03-08,active,5.0,2024-03-08
E113,S051,C001,2024-03-31,active,5.0,2024-03-31
E119,S121,C001,2026-05-04,active,50.0,2026-05-04
E122,S122,C003,2026-05-04,active,0.0,2026-05-04
E117,S001,C031,2026-05-04,active,0.0,2026-05-04
E118,S001,C020,2026-05-04,active,0.0,2026-05-04
E120,S121,C002,2026-05-04,completed,100.0,2026-05-04
E121,S122,C002,2026-05-04,completed,100.0,2026-05-04
