Model,EvaluatedUsers_mean,EvaluatedUsers_std,Precision@5_mean,Precision@5_std,Recall@5_mean,Recall@5_std,F1@5_mean,F1@5_std,Precision@10_mean,Precision@10_std,Recall@10_mean,Recall@10_std,F1@10_mean,F1@10_std,RMSE,MAE,Coverage_mean,Coverage_std,RMSE_mean,RMSE_std,MAE_mean,MAE_std
Content-Based,116.6,1.3564659966250536,0.08140467665645915,0.009822005299148916,0.14813069865095083,0.02125697443759391,0.10499074277233371,0.01321432864109898,0.07965786284595358,0.0063872546552392155,0.2911255485682115,0.027110836362888645,0.12503843093123007,0.0101174667266582,,,0.8657142857142859,0.01829464067837955,,,,
Collaborative Filtering,116.6,1.3564659966250536,0.07511500270380475,0.007147386391827439,0.13685435382950528,0.01667758690660084,0.09690329195044033,0.009736381384092942,0.07752972753761773,0.005225051360542239,0.2811802693140196,0.022051219327355355,0.1214978963806093,0.008177329515249982,,,0.8142857142857144,0.05150787536377126,1.2713549473481716,0.01901469270555173,1.085286095226736,0.018522118811103962
Hybrid,116.6,1.3564659966250536,0.08328814522433216,0.010936650274911053,0.14992671999695778,0.02436093506415413,0.10700794076414959,0.014961585690305963,0.08162864324787884,0.0052881702659131075,0.30173685184966,0.02382421583553113,0.1284304909821056,0.00825701453277741,,,0.8914285714285715,0.024907993963089573,,,,
